Id,Label,timeset,touch,frequency,duration,loc_home,loc_work,loc_school,loc_kindergarden,loc_transport,loc_leisure,loc_grandparents,loc_other,loc_missing,betweenhhmembers,weight,person1,person2,household,sourcerole,targetrole,relation,modularity_class
0,,,1,1,5,1,0,0,0,1,0,0,1,0,1,1,2006344100003,2006344100001,20063441,child,mother,M-C,1
1,,,1,1,5,1,0,0,0,0,0,0,0,0,1,1,2003448600001,2003448600002,20034486,father,child,F-C,1
2,,,1,1,5,1,0,0,0,0,0,0,0,0,1,1,2006023500003,2006023500002,20060235,child,child,siblings,1
3,,,1,1,5,1,0,0,0,1,1,0,1,0,1,1,143220600001,143220600003,1432206,father,child,F-C,0
4,,,1,1,5,1,0,0,0,1,1,0,0,0,1,1,5461565,546156500002,5461565,mother,child,M-C,1
5,,,1,1,5,1,0,0,0,0,0,0,0,0,1,1,2006262100001,2006262100003,20062621,father,child,F-C,1
6,,,1,1,5,1,0,0,0,1,0,1,1,0,1,1,2005979200002,2005979200001,20059792,child,mother,M-C,0
7,,,1,1,5,1,0,0,0,0,0,0,0,0,1,1,2006260500004,20062605,20062605,child,father,F-C,1
8,,,1,1,5,1,0,0,0,0,1,0,0,0,1,1,2005783500001,2005783500002,20057835,father,child,F-C,1
9,,,1,1,5,1,0,0,0,1,1,0,1,0,1,1,1432206,143220600002,1432206,mother,child,M-C,0
10,,,1,1,5,1,0,0,0,0,0,0,0,0,1,1,18014700001,180147,180147,mother,father,M-F,1
11,,,1,1,3,1,0,0,0,0,0,0,0,0,1,0.8,2003349200004,2003349200002,20033492,child,child,siblings,1
12,,,1,1,5,1,0,0,0,1,0,0,1,0,1,1,2006882500004,2006882500002,20068825,child,child,siblings,1
13,,,0,1,4,1,0,0,0,0,0,0,0,0,1,0.4,120537,12053700002,120537,mother,child,M-C,1
14,,,1,1,5,1,0,0,0,0,0,0,0,0,1,1,2007377200001,2007377200002,20073772,father,child,F-C,1
15,,,1,1,4,1,0,0,0,0,0,0,0,0,1,0.9,2009163500003,2009163500002,20091635,child,child,siblings,1
16,,,1,1,5,1,0,0,0,1,1,0,0,0,1,1,2007301700001,2007301700002,20073017,mother,child,M-C,1
17,,,1,1,4,1,0,0,0,0,1,0,0,0,1,0.9,1000273800001,1000273800002,10002738,mother,child,M-C,1
18,,,1,1,5,1,0,0,0,0,0,0,1,0,1,1,2006241200003,2006241200001,20062412,child,father,F-C,1
19,,,1,1,5,1,0,0,0,0,0,0,0,0,1,1,2006592700001,20065927,20065927,father,mother,M-F,1
20,,,1,1,5,1,0,0,0,1,0,0,1,0,1,1,20073754,2007375400003,20073754,father,child,F-C,1
21,,,1,1,5,1,0,0,0,0,0,0,0,0,1,1,5347805,534780500004,5347805,father,child,F-C,1
22,,,1,1,4,1,0,0,0,0,0,0,0,0,1,0.9,11973000001,11973000003,119730,father,child,F-C,1
23,,,0,1,5,1,0,0,0,0,0,0,0,0,1,0.5,2006212000003,2006212000002,20062120,child,child,siblings,0
24,,,1,1,4,1,0,0,0,0,0,0,0,0,1,0.9,2005895100002,2005895100001,20058951,child,father,F-C,1
25,,,1,1,2,1,0,0,0,0,0,0,0,0,1,0.7,2008415000002,2008415000004,20084150,child,child,siblings,1
26,,,1,1,5,1,0,0,0,1,0,0,0,0,1,1,2007301700002,2007301700001,20073017,child,mother,M-C,1
27,,,1,1,5,1,0,0,0,0,0,0,0,0,1,1,4172139,417213900001,4172139,father,child,F-C,1
28,,,0,1,2,1,0,0,0,0,0,0,0,0,1,0.2,965486900005,965486900002,9654869,child,child,siblings,1
29,,,1,1,5,1,0,0,0,0,0,0,0,0,1,1,31875200003,318752,318752,child,mother,M-C,1
30,,,1,1,5,1,0,0,0,0,0,0,0,0,1,1,20056042,2005604200001,20056042,mother,father,M-F,1
31,,,1,1,5,1,0,0,0,0,0,0,0,0,1,1,20086527,2008652700001,20086527,father,mother,M-F,1
32,,,0,1,5,1,0,0,0,0,0,0,0,0,1,0.5,2003330600001,2003330600002,20033306,child,child,siblings,0
33,,,1,1,5,1,0,1,0,1,0,0,0,0,1,1,2006490200004,20064902,20064902,child,father,F-C,1
34,,,1,1,4,1,0,0,0,0,0,0,0,0,1,0.9,72354300001,72354300003,723543,mother,child,M-C,1
35,,,1,1,5,1,0,0,0,0,0,0,0,0,1,1,1000276000002,1000276000001,10002760,child,mother,M-C,1
36,,,1,1,5,1,0,0,0,0,0,0,0,0,1,1,2005854300005,2005854300004,20058543,child,child,siblings,1
37,,,1,1,5,1,0,0,0,1,1,0,0,0,1,1,20071795,2007179500003,20071795,father,child,F-C,1
38,,,1,1,4,1,0,0,0,0,0,0,0,0,1,0.9,2008926300002,2008926300003,20089263,child,child,siblings,1
39,,,1,1,5,1,0,0,0,1,0,1,1,0,1,1,2005979200003,2005979200001,20059792,child,mother,M-C,0
40,,,1,1,5,0,0,0,0,0,0,0,1,0,1,1,2007111800003,20071118,20071118,child,mother,M-C,0
41,,,1,1,5,1,0,0,0,1,1,0,0,0,1,1,2003361400001,2003361400003,20033614,mother,child,M-C,1
42,,,1,1,5,1,0,0,0,0,0,0,0,0,1,1,2006376900001,20063769,20063769,mother,father,M-F,1
43,,,1,1,5,1,0,0,0,0,0,0,0,0,1,1,2005643500002,2005643500001,20056435,child,father,F-C,1
44,,,1,1,5,0,0,0,0,0,0,0,1,0,1,1,756602200001,756602200003,7566022,mother,child,M-C,0
45,,,1,1,4,1,0,0,0,0,0,0,0,0,1,0.9,2009245800001,20092458,20092458,mother,father,M-F,1
46,,,1,1,5,1,0,0,0,0,0,0,0,0,1,1,2005604200002,2005604200001,20056042,child,father,F-C,1
47,,,1,1,5,1,0,0,0,0,0,0,0,0,1,1,225566900001,2255669,2255669,mother,father,M-F,1
48,,,1,1,5,1,0,0,0,0,0,0,0,0,1,1,405795100001,405795100002,4057951,father,child,F-C,1
49,,,1,1,4,1,0,0,0,0,0,0,0,0,1,0.9,2006341300002,20063413,20063413,child,mother,M-C,1
50,,,1,1,5,1,0,0,0,0,0,0,0,0,1,1,2005642400001,20056424,20056424,father,mother,M-F,1
51,,,1,1,5,1,0,0,0,0,0,0,0,0,1,1,14973300003,149733,149733,child,mother,M-C,1
52,,,1,1,5,1,0,0,0,0,0,0,0,0,1,1,2008788800002,2008788800003,20087888,child,child,siblings,1
53,,,1,1,5,1,0,0,0,1,0,0,1,0,1,1,2003581800003,2003581800002,20035818,child,child,siblings,1
54,,,1,1,5,1,0,0,0,0,0,0,0,0,1,1,2005793300002,20057933,20057933,child,father,F-C,1
55,,,1,1,5,1,0,0,0,0,1,0,0,0,1,1,20073017,2007301700001,20073017,father,mother,M-F,1
56,,,1,1,4,1,0,0,0,0,0,0,0,0,1,0.9,2006960800002,2006960800003,20069608,child,child,siblings,1
57,,,1,1,3,1,0,0,0,0,0,0,0,0,1,0.8,2003349200003,2003349200001,20033492,child,father,F-C,1
58,,,1,1,5,1,0,0,0,0,0,0,0,0,1,1,479300003,4793,4793,child,mother,M-C,1
59,,,1,1,5,1,0,0,0,0,0,0,0,0,1,1,2003526600003,2003526600001,20035266,child,mother,M-C,1
60,,,1,1,5,1,0,0,0,0,0,0,0,0,1,1,2009245800004,20092458,20092458,child,father,F-C,1
61,,,1,1,5,1,0,0,0,0,0,0,0,0,1,1,22175800002,22175800001,221758,child,mother,M-C,1
62,,,0,1,4,1,0,0,0,0,0,0,0,0,1,0.4,821042100002,821042100003,8210421,child,child,siblings,1
63,,,1,1,0,1,0,0,0,0,0,0,0,0,1,0,255230,25523000005,255230,father,child,F-C,1
64,,,1,1,5,1,0,0,0,0,0,0,0,0,1,1,203852200003,203852200001,2038522,child,mother,M-C,1
65,,,1,1,5,1,0,0,0,0,0,0,0,0,1,1,8269554,826955400001,8269554,father,mother,M-F,1
66,,,1,1,5,1,0,0,0,0,0,0,0,0,1,1,20057516,2005751600001,20057516,father,mother,M-F,1
67,,,1,1,5,1,0,0,0,0,0,0,0,0,1,1,2005750500003,2005750500004,20057505,child,child,siblings,1
68,,,1,1,4,1,0,0,0,0,0,0,0,0,1,0.9,2003361400003,20033614,20033614,child,father,F-C,1
69,,,1,1,5,1,0,0,0,0,0,0,0,0,1,1,2005987400003,2005987400001,20059874,child,mother,M-C,1
70,,,1,1,5,1,0,0,0,0,0,0,0,0,1,1,2005940000002,20059400,20059400,child,father,F-C,1
71,,,1,1,4,1,0,0,0,0,0,0,0,0,1,0.9,2006405900002,2006405900003,20064059,child,child,siblings,1
72,,,1,1,4,1,0,0,0,0,0,0,0,0,1,0.9,2009163500003,20091635,20091635,child,mother,M-C,1
73,,,1,1,4,1,0,0,0,0,0,0,0,0,1,0.9,20037434,2003743400002,20037434,father,child,F-C,1
74,,,1,1,5,1,0,0,0,0,0,1,0,0,1,1,2005600100002,2005600100003,20056001,child,child,siblings,1
75,,,1,1,4,1,0,0,0,1,0,0,1,0,1,0.9,20037844,2003784400002,20037844,mother,child,M-C,1
76,,,1,1,4,1,0,0,0,0,0,0,0,0,1,0.9,20033463,2003346300001,20033463,father,mother,M-F,1
77,,,1,1,2,1,0,0,0,0,0,0,0,0,1,0.7,20034484,2003448400002,20034484,mother,child,M-C,1
78,,,1,1,5,1,0,0,0,0,0,0,0,0,1,1,2005600900004,2005600900002,20056009,child,child,siblings,1
79,,,1,1,4,1,0,0,0,0,0,0,0,0,1,0.9,2006927900001,2006927900003,20069279,mother,child,M-C,1
80,,,1,1,4,1,0,0,0,0,0,0,0,0,1,0.9,534780500001,534780500004,5347805,mother,child,M-C,1
81,,,1,1,5,1,0,0,0,0,0,0,0,0,1,1,2005643500001,2005643500002,20056435,father,child,F-C,1
82,,,0,1,5,1,0,0,0,0,0,0,0,0,1,0.5,2005681400002,2005681400003,20056814,child,child,siblings,0
83,,,1,1,4,1,0,0,0,1,0,0,0,0,1,0.9,1000286100004,1000286100002,10002861,child,child,siblings,1
84,,,1,1,5,1,0,0,0,0,0,0,0,0,1,1,9749638,974963800001,9749638,father,mother,M-F,1
85,,,1,1,5,1,0,0,0,0,0,0,0,0,1,1,2006315300002,20063153,20063153,child,mother,M-C,1
86,,,1,0,0,1,0,0,0,0,0,0,0,0,1,0,2005830500003,2005830500002,20058305,child,child,siblings,1
87,,,0,1,5,1,0,0,0,0,0,0,0,0,1,0,2007055400002,2007055400004,20070554,child,child,siblings,0
88,,,1,1,5,1,0,0,0,0,0,0,0,0,1,1,2008926300003,2008926300001,20089263,child,father,F-C,1
89,,,1,2,4,1,0,0,0,0,0,0,0,0,1,0.9,299187200001,2991872,2991872,child,mother,M-C,1
90,,,1,1,5,1,0,0,0,0,0,0,0,0,1,1,2255669,225566900002,2255669,father,child,F-C,1
91,,,1,1,5,1,0,0,0,0,0,0,0,0,1,1,935264200003,9352642,9352642,child,father,F-C,1
92,,,1,1,5,1,0,0,0,0,0,0,1,0,1,1,2005626500001,2005626500002,20056265,father,child,F-C,1
93,,,1,1,5,1,0,0,0,0,0,0,0,0,1,1,203852200002,2038522,2038522,child,father,F-C,1
94,,,0,1,5,1,0,0,0,0,1,0,0,0,1,0.5,247079800001,247079800002,2470798,mother,child,M-C,0
95,,,1,1,5,1,0,0,0,0,0,0,0,0,1,1,2003516800002,20035168,20035168,child,mother,M-C,1
96,,,1,1,5,1,0,0,0,0,0,0,0,0,1,1,20037423,2003742300002,20037423,mother,child,M-C,1
97,,,1,1,4,1,0,0,0,0,0,0,0,0,1,0.9,20057062,2005706200003,20057062,mother,child,M-C,1
98,,,1,1,5,1,0,0,0,0,0,0,0,0,1,1,30185480,3018548000002,30185480,father,child,F-C,1
99,,,1,1,4,1,0,0,0,1,0,0,0,0,1,0.9,2006097900002,20060979,20060979,child,father,F-C,1
100,,,1,1,5,1,0,0,0,0,0,0,0,0,1,1,2005698500003,2005698500002,20056985,child,child,siblings,1
101,,,1,1,5,1,0,0,0,1,0,0,0,0,1,1,20091635,2009163500003,20091635,mother,child,M-C,1
102,,,1,1,5,1,0,0,0,1,1,0,0,0,1,1,2003361400001,2003361400004,20033614,mother,child,M-C,1
103,,,1,1,2,0,0,0,0,0,1,0,0,0,1,0.7,1590700002,1590700001,15907,child,father,F-C,1
104,,,1,1,5,1,0,0,0,1,0,0,1,0,1,1,2007375400005,2007375400001,20073754,child,mother,M-C,1
105,,,1,1,5,1,0,0,0,0,1,0,1,0,1,1,20062120,2006212000002,20062120,mother,child,M-C,1
106,,,1,1,5,1,0,0,0,0,0,0,0,0,1,1,2005854300004,2005854300005,20058543,child,child,siblings,1
107,,,1,1,5,0,0,0,0,1,0,0,1,0,1,1,2008645500003,2008645500004,20086455,child,child,siblings,0
108,,,1,1,5,1,0,0,0,0,0,0,0,0,1,1,405795100002,405795100001,4057951,child,father,F-C,1
109,,,0,1,5,1,0,0,0,0,0,0,0,0,1,0.5,135807,13580700002,135807,father,child,F-C,0
110,,,1,1,5,1,0,1,0,0,0,0,0,0,1,1,20059570,2005957000004,20059570,father,child,F-C,1
111,,,0,1,5,1,0,0,0,0,0,0,0,0,1,0,2007055400002,2007055400003,20070554,child,child,siblings,0
112,,,1,1,5,1,0,0,0,1,0,0,1,0,1,1,2005826800004,2005826800001,20058268,child,mother,M-C,1
113,,,1,1,5,1,0,0,0,0,0,0,0,0,1,1,20035168,2003516800002,20035168,mother,child,M-C,1
114,,,1,1,5,1,0,0,0,0,0,0,0,0,1,1,2006023500002,2006023500003,20060235,child,child,siblings,1
115,,,1,1,5,1,0,0,0,0,0,0,1,0,1,1,2005626500002,20056265,20056265,child,mother,M-C,1
116,,,0,1,4,1,0,0,0,0,0,0,0,0,1,0.4,974963800001,9749638,9749638,mother,father,M-F,1
117,,,1,1,4,1,0,0,0,0,0,0,0,0,1,0.9,2006563600005,2006563600001,20065636,child,mother,M-C,1
118,,,1,1,5,1,0,0,0,0,0,0,0,0,1,1,2005642400002,2005642400001,20056424,child,father,F-C,1
119,,,0,1,4,1,0,0,0,0,0,0,0,0,1,0.4,632399100003,632399100002,6323991,child,child,siblings,1
120,,,0,1,5,1,0,0,0,1,0,0,1,0,1,0,2007375400002,2007375400005,20073754,child,child,siblings,0
121,,,1,5,1,1,0,0,0,0,0,0,0,0,1,0.6,20070044,2007004400002,20070044,mother,child,M-C,0
122,,,1,1,5,1,0,0,0,0,0,0,0,0,1,1,2006367100003,20063671,20063671,child,father,F-C,1
123,,,1,1,5,1,0,0,0,1,0,0,0,0,1,1,592862400002,592862400001,5928624,child,mother,M-C,1
124,,,1,1,5,1,0,0,0,0,0,0,0,0,1,1,200566160002,2005661600005,20056616,child,child,siblings,1
125,,,1,1,5,1,0,0,0,0,0,0,0,0,1,1,2006450500003,2006450500002,20064505,child,child,siblings,1
126,,,1,1,5,1,0,0,0,0,0,0,0,0,1,1,2006321000002,2006321000001,20063210,child,mother,M-C,1
127,,,1,1,5,1,0,0,0,0,0,0,0,0,1,1,8516142,851614200001,8516142,father,mother,M-F,1
128,,,1,1,4,1,0,0,0,0,0,0,0,0,1,0.9,20062128,2006212800004,20062128,father,child,F-C,1
129,,,1,1,5,1,0,0,0,1,1,0,0,0,1,1,20058597,2005859700001,20058597,father,child,F-C,1
130,,,1,1,5,1,0,0,0,1,0,0,1,0,1,1,2003332600003,2003332600002,20033326,child,child,siblings,1
131,,,1,2,5,1,0,0,0,1,0,0,1,0,1,1,2005826800003,2005826800005,20058268,child,child,siblings,1
132,,,1,1,5,1,0,0,0,0,0,0,0,0,1,1,2007004400002,2007004400003,20070044,child,child,siblings,1
133,,,1,1,4,1,0,0,0,0,0,0,0,0,1,0.9,25523000004,25523000005,255230,child,child,siblings,1
134,,,1,1,5,1,0,0,0,1,1,0,1,0,1,1,2007111400001,2007111400003,20071114,father,child,F-C,0
135,,,1,1,5,1,0,0,0,0,0,0,0,0,1,1,20037559,2003755900002,20037559,mother,child,M-C,1
136,,,1,1,5,1,0,0,0,0,0,0,0,0,1,1,2005639900002,2005639900001,20056399,child,father,F-C,1
137,,,1,1,5,1,0,0,0,0,0,0,0,0,1,1,2006244200001,2006244200002,20062442,father,child,F-C,1
138,,,1,1,5,1,0,0,0,0,0,0,0,0,1,1,2006652300002,20066523,20066523,child,father,F-C,1
139,,,1,1,4,1,0,0,0,0,0,0,0,0,1,0.9,524541900002,524541900003,5245419,child,child,siblings,1
140,,,1,1,5,1,0,0,0,0,0,0,0,0,1,1,2006212000001,20062120,20062120,father,mother,M-F,1
141,,,1,1,5,1,0,0,0,0,0,0,0,0,1,1,20084150,2008415000001,20084150,father,mother,M-F,1
142,,,1,1,4,1,0,0,0,0,0,0,0,0,1,0.9,19003400002,19003400001,190034,child,mother,M-C,1
143,,,1,1,4,0,0,0,0,0,0,1,0,0,1,0.9,2008967600002,2008967600004,20089676,child,child,siblings,1
144,,,1,1,5,1,0,0,0,0,0,0,0,0,1,1,2008652700001,20086527,20086527,mother,father,M-F,1
145,,,1,1,4,1,0,0,0,0,0,0,0,0,1,0.9,2003336700001,20033367,20033367,mother,father,M-F,1
146,,,1,1,4,0,0,0,0,0,0,0,1,0,1,0.9,2006606700003,2006606700001,20066067,child,mother,M-C,1
147,,,1,1,4,1,0,0,0,0,0,0,0,0,1,0.9,2006341300003,20063413,20063413,child,mother,M-C,1
148,,,1,1,4,1,0,0,0,0,0,0,0,0,1,0.9,20069279,2006927900003,20069279,father,child,F-C,1
149,,,1,1,5,1,0,0,0,0,0,0,0,0,1,1,2005965100001,20059651,20059651,father,mother,M-F,1
150,,,1,1,4,1,0,0,0,0,0,0,0,0,1,0.9,2005759000001,2005759000002,20057590,mother,child,M-C,1
151,,,1,1,4,1,0,0,0,0,0,0,0,0,1,0.9,2003492900001,2003492900002,20034929,father,child,F-C,1
152,,,0,1,5,1,0,0,0,0,0,0,0,0,1,0.5,489733800003,489733800004,4897338,child,child,siblings,0
153,,,1,1,4,1,0,0,0,0,0,0,0,0,1,0.9,20085821,2008582100003,20085821,father,child,F-C,1
154,,,1,1,5,1,0,0,0,0,0,0,0,0,1,1,2005706200003,2005706200002,20057062,child,child,siblings,1
155,,,1,1,5,1,0,0,0,0,0,0,0,0,1,1,2003742300003,2003742300002,20037423,child,child,siblings,1
156,,,1,1,4,1,0,0,0,0,0,0,0,0,1,0.9,2005604200001,2005604200004,20056042,father,child,F-C,1
157,,,0,1,5,1,0,0,0,0,0,0,0,0,1,0.5,3018545600004,3018545600001,30185456,child,mother,M-C,0
158,,,1,1,5,1,0,0,0,0,1,0,0,0,1,1,2005971600001,20059716,20059716,mother,father,M-F,1
159,,,1,1,4,1,0,0,0,0,0,0,0,0,1,0.9,25523000001,25523000003,255230,mother,child,M-C,1
160,,,1,1,5,1,1,0,0,0,1,0,0,0,1,1,2005706200001,2005706200003,20057062,father,child,F-C,1
161,,,1,1,5,1,0,0,0,0,0,0,0,0,1,1,2003634000001,2003634000005,20036340,father,child,F-C,1
162,,,1,5,1,1,0,0,0,0,0,0,0,0,1,0.6,2005957000001,2005957000002,20059570,mother,child,M-C,0
163,,,1,1,5,1,0,0,0,0,0,0,1,0,1,1,2005611700004,20056117,20056117,child,father,F-C,1
164,,,1,1,1,0,1,0,0,0,0,0,0,0,1,0.6,20034486,2003448600002,20034486,mother,child,M-C,1
165,,,1,1,5,1,0,0,0,0,0,0,0,0,1,1,9447989,944798900001,9447989,father,mother,M-F,1
166,,,1,1,5,1,0,1,0,0,0,0,0,0,1,1,287468900002,287468900003,2874689,father,child,F-C,1
167,,,1,1,5,1,0,0,0,1,0,0,1,0,1,1,2006882500002,2006882500003,20068825,child,child,siblings,1
168,,,1,1,4,1,0,0,0,0,0,0,0,0,1,0.9,61477600001,61477600003,614776,mother,child,M-C,1
169,,,1,1,4,1,0,0,0,0,0,0,0,0,1,0.9,20067000,2006700000001,20067000,father,mother,M-F,1
170,,,1,1,5,1,0,0,0,0,0,0,0,0,1,1,382500002,382500001,3825,child,father,F-C,1
171,,,1,1,5,1,0,0,0,0,0,0,0,0,1,1,534780500004,5347805,5347805,child,father,F-C,1
172,,,1,1,5,1,0,0,0,0,0,0,0,0,1,1,9571866,957186600001,9571866,mother,father,M-F,1
173,,,1,1,5,1,0,0,0,0,0,0,0,0,1,1,2005940000001,20059400,20059400,mother,father,M-F,1
174,,,1,1,5,1,0,0,0,0,0,0,0,0,1,1,20067864,2006786400003,20067864,father,child,F-C,1
175,,,1,1,4,1,0,0,0,0,0,0,0,0,1,0.9,20070116,2007011600001,20070116,mother,father,M-F,1
176,,,1,1,5,1,0,0,0,0,0,0,0,0,1,1,25523000001,255230,255230,mother,father,M-F,1
177,,,1,1,0,1,0,0,0,0,0,0,0,0,1,0,21362500001,213625,213625,father,mother,M-F,1
178,,,1,1,5,1,0,0,0,0,0,0,0,0,1,1,2003587700004,20035877,20035877,child,mother,M-C,1
179,,,1,1,5,1,0,0,0,0,0,0,0,0,1,1,487509,48750900002,487509,father,child,F-C,1
180,,,1,0,0,1,0,0,0,0,0,0,0,0,1,0,31875200001,31875200003,318752,father,child,F-C,1
181,,,1,1,5,1,0,0,0,0,0,0,0,0,1,1,20062605,2006260500003,20062605,father,child,F-C,1
182,,,1,1,5,1,0,0,0,0,0,0,0,0,1,1,20035528,2003552800002,20035528,mother,child,M-C,1
183,,,1,1,5,1,0,0,0,0,0,0,0,0,1,1,145417200003,1454172,1454172,child,father,F-C,1
184,,,1,1,4,1,0,0,0,0,0,0,0,0,1,0.9,2008582100003,20085821,20085821,child,father,F-C,1
185,,,0,1,4,1,0,0,0,0,0,0,0,0,1,0.4,13580700001,135807,135807,mother,father,M-F,1
186,,,1,1,5,1,0,0,0,0,0,0,0,0,1,1,856990800001,856990800003,8569908,father,child,F-C,1
187,,,1,1,5,1,0,0,0,0,0,0,1,0,1,1,2008695400004,20086954,20086954,child,father,F-C,1
188,,,1,1,5,1,0,0,0,0,0,0,0,0,1,1,632399100004,632399100001,6323991,child,father,F-C,1
189,,,1,1,5,1,0,0,0,0,0,0,0,0,1,1,2005607300001,20056073,20056073,father,mother,M-F,1
190,,,1,5,1,1,0,0,0,0,0,0,0,0,1,0.6,10002760,1000276000003,10002760,father,child,F-C,0
191,,,1,1,5,1,0,0,0,0,0,0,0,0,1,1,2008926300002,2008926300001,20089263,child,father,F-C,1
192,,,1,1,5,1,0,0,0,0,1,0,1,0,1,1,2005620800002,2005620800003,20056208,child,child,siblings,1
193,,,1,1,4,1,0,0,0,0,0,0,0,0,1,0.9,2006152300001,20061523,20061523,mother,father,M-F,1
194,,,1,1,5,1,0,0,0,0,0,0,0,0,1,1,2006606700002,2006606700001,20066067,child,mother,M-C,1
195,,,1,1,4,1,0,0,0,0,0,0,0,0,1,0.9,856990800002,8569908,8569908,child,mother,M-C,1
196,,,1,1,4,1,0,0,0,0,0,0,0,0,1,0.9,25523000003,25523000005,255230,child,child,siblings,1
197,,,1,1,5,1,0,0,0,0,0,0,0,0,1,1,2005661600005,2005661600003,20056616,child,child,siblings,1
198,,,1,1,5,1,0,0,0,0,0,0,0,0,1,1,2006097900005,2006097900004,20060979,child,child,siblings,1
199,,,1,1,4,1,0,0,0,0,0,0,0,0,1,0.9,20035966,2003596600002,20035966,mother,child,M-C,1
200,,,1,1,5,1,0,0,0,0,1,0,0,0,1,1,2003361400001,20033614,20033614,mother,father,M-F,1
201,,,1,3,3,1,0,0,0,0,0,0,0,0,1,0.8,20089990,2008999000003,20089990,father,child,F-C,1
202,,,1,1,5,1,0,0,0,1,1,0,0,0,1,1,546156500001,546156500003,5461565,father,child,F-C,1
203,,,1,1,5,1,0,0,0,0,0,0,0,0,1,1,20063275,2006327500001,20063275,mother,father,M-F,1
204,,,1,1,5,1,0,0,0,0,0,0,0,0,1,1,2006817300001,2006817300003,20068173,father,child,F-C,1
205,,,1,1,4,1,0,0,0,0,0,0,0,0,1,0.9,2006311600004,2006311600001,20063116,child,mother,M-C,1
206,,,0,1,4,1,0,0,0,0,0,0,0,0,1,0.4,2006563600005,2006563600002,20065636,child,child,siblings,1
207,,,1,1,5,1,0,0,0,0,0,0,0,0,1,1,1000276000003,10002760,10002760,child,father,F-C,1
208,,,1,1,5,1,0,1,0,1,1,0,0,0,1,1,2005944300001,2005944300002,20059443,father,child,F-C,0
209,,,1,1,5,1,0,0,0,1,1,0,0,0,1,1,2003361400001,2003361400002,20033614,mother,child,M-C,1
210,,,1,1,5,1,0,0,0,0,0,0,0,0,1,1,61477600001,614776,614776,mother,father,M-F,1
211,,,1,1,5,1,0,0,0,0,0,0,0,0,1,1,20062397,2006239700002,20062397,mother,child,M-C,1
212,,,1,1,5,1,0,0,0,0,0,0,0,0,1,1,20062442,2006244200001,20062442,mother,father,M-F,1
213,,,1,1,5,1,0,0,0,0,0,0,0,0,1,1,2003742300004,2003742300002,20037423,child,child,siblings,1
214,,,1,1,5,1,0,0,0,0,1,0,1,0,1,1,20087888,2008788800001,20087888,father,mother,M-F,1
215,,,1,1,4,1,0,0,0,0,0,0,0,0,1,0.9,2003448600003,2003448600002,20034486,child,child,siblings,1
216,,,1,1,5,1,0,0,0,0,0,0,0,0,1,1,200566160002,2005661600001,20056616,child,mother,M-C,1
217,,,1,1,5,1,0,0,0,0,0,0,0,0,1,1,48750900001,48750900002,487509,mother,child,M-C,1
218,,,0,1,5,1,0,0,0,0,0,0,0,0,1,0.5,479300002,4793,4793,child,mother,M-C,0
219,,,1,1,4,1,0,0,0,0,0,0,0,0,1,0.9,20056197,2005619700003,20056197,mother,child,M-C,1
220,,,1,1,5,1,0,1,0,1,0,1,0,0,1,1,2003784400002,2003784400003,20037844,child,child,siblings,0
221,,,1,1,5,0,0,0,0,0,0,0,1,0,1,1,2003637200003,2003637200001,20036372,child,father,F-C,0
222,,,1,1,5,1,0,0,0,0,0,0,0,0,1,1,20035169,2003516900001,20035169,father,mother,M-F,1
223,,,1,1,5,1,0,0,0,0,0,0,0,0,1,1,2003336700003,2003336700002,20033367,child,child,siblings,1
224,,,1,1,4,1,0,0,0,0,0,0,0,0,1,0.9,2003335400003,2003335400001,20033354,child,father,F-C,1
225,,,1,1,5,1,0,0,0,0,0,0,0,0,1,1,239818000001,239818000003,2398180,father,child,F-C,1
226,,,1,1,4,1,0,0,0,0,0,0,0,0,1,0.9,2008415000002,2008415000001,20084150,child,mother,M-C,1
227,,,1,1,5,1,0,0,0,0,0,0,0,0,1,1,484500001,484500002,4845,mother,child,M-C,1
228,,,1,1,4,1,0,0,0,0,0,0,0,0,1,0.9,2005661600001,2005661600004,20056616,mother,child,M-C,1
229,,,1,1,5,1,0,0,0,1,1,0,0,0,1,1,751825,75182500001,751825,mother,father,M-F,1
230,,,1,1,5,1,0,0,0,0,0,0,0,0,1,1,200566160002,2005661600003,20056616,child,child,siblings,1
231,,,1,1,4,1,0,0,0,0,0,0,0,0,1,0.9,2003348800003,20033488,20033488,child,father,F-C,1
232,,,0,1,4,1,0,0,0,0,0,0,0,0,1,0.4,2006563600002,2006563600004,20065636,child,child,siblings,1
233,,,1,1,5,1,0,0,0,0,0,0,0,0,1,1,2006229700003,20062297,20062297,child,father,F-C,1
234,,,1,1,5,1,0,1,0,0,0,0,0,0,1,1,8210421,821042100002,8210421,father,child,F-C,1
235,,,1,1,5,1,0,0,0,0,0,0,0,0,1,1,20061523,2006152300002,20061523,father,child,F-C,1
236,,,1,1,5,1,0,0,0,0,0,0,0,0,1,1,10002760,1000276000002,10002760,father,child,F-C,1
237,,,1,1,0,1,0,0,0,0,0,0,0,0,1,0,2005680000001,2005680000003,20056800,father,child,F-C,1
238,,,1,1,4,1,0,0,0,0,0,0,0,0,1,0.9,27404600003,27404600001,274046,child,mother,M-C,1
239,,,1,1,4,1,0,0,0,0,0,0,0,0,1,0.9,2006960800001,2006960800003,20069608,mother,child,M-C,1
240,,,1,1,5,1,0,0,0,0,0,0,0,0,1,1,965486900001,965486900006,9654869,mother,child,M-C,1
241,,,0,1,5,1,0,0,0,0,0,0,0,0,1,0.5,489733800002,489733800004,4897338,child,child,siblings,0
242,,,1,1,5,1,0,0,0,1,0,0,1,0,1,1,2005826800002,2005826800003,20058268,child,child,siblings,1
243,,,1,1,5,1,0,1,0,0,0,0,0,0,1,1,2003345100003,2003345100001,20033451,child,father,F-C,1
244,,,1,1,5,1,0,0,0,0,0,0,0,0,1,1,2005643500002,2005643500003,20056435,child,child,siblings,1
245,,,1,1,5,1,0,0,0,0,0,0,0,0,1,1,2005879000001,2005879000002,20058790,mother,child,M-C,1
246,,,1,1,5,1,0,0,0,0,0,0,0,0,1,1,20056009,2005600900003,20056009,father,child,F-C,1
247,,,1,1,5,1,0,0,0,0,0,0,0,0,1,1,200566160002,20056616,20056616,child,father,F-C,1
248,,,1,1,5,1,0,0,0,1,1,0,0,0,1,1,2003361400002,2003361400004,20033614,child,child,siblings,1
249,,,1,1,5,1,0,0,0,0,0,0,0,0,1,1,2006260500001,2006260500002,20062605,mother,child,M-C,1
250,,,0,1,3,1,0,0,0,0,0,0,0,0,1,0.3,145417200003,145417200002,1454172,child,child,siblings,1
251,,,1,5,1,1,0,0,0,0,0,0,0,0,1,0.6,2006123600002,20061236,20061236,child,father,F-C,0
252,,,1,1,5,1,0,0,0,0,0,0,0,0,1,1,467867000001,4678670,4678670,mother,father,M-F,1
253,,,1,1,4,1,0,0,0,0,0,0,0,0,1,0.9,821042100001,821042100004,8210421,mother,child,M-C,1
254,,,1,1,5,1,0,0,0,0,0,0,0,0,1,1,2007004400001,2007004400003,20070044,father,child,F-C,1
255,,,1,1,4,1,0,0,0,0,0,0,0,0,1,0.9,20062128,2006212800003,20062128,father,child,F-C,1
256,,,1,1,5,1,0,0,0,0,0,0,0,0,1,1,723543,72354300001,723543,father,mother,M-F,1
257,,,1,1,4,1,0,1,0,0,0,0,1,0,1,0.9,2006405900003,2006405900002,20064059,child,child,siblings,1
258,,,1,1,4,1,0,0,0,0,0,0,0,0,1,0.9,18014700002,180147,180147,child,father,F-C,1
259,,,1,1,5,1,0,0,0,1,0,0,1,0,1,1,143220600002,143220600003,1432206,child,child,siblings,1
260,,,0,1,4,1,0,0,0,0,0,0,0,0,1,0.4,13580700001,13580700002,135807,mother,child,M-C,1
261,,,1,1,5,1,0,0,0,0,0,0,0,0,1,1,2003587700001,20035877,20035877,father,mother,M-F,1
262,,,1,1,4,1,0,0,0,0,0,0,0,0,1,0.9,2008967600001,2008967600003,20089676,mother,child,M-C,1
263,,,1,1,4,1,0,0,0,0,0,0,0,0,1,0.9,2008415000001,20084150,20084150,mother,father,M-F,1
264,,,1,1,5,1,0,0,0,0,0,0,0,0,1,1,20068540,2006854000003,20068540,mother,child,M-C,1
265,,,1,1,5,1,0,0,0,0,0,0,0,0,1,1,20071116,2007111600002,20071116,father,child,F-C,1
266,,,1,1,5,1,0,0,0,0,0,0,0,0,1,1,93279200003,93279200001,932792,child,father,F-C,1
267,,,1,1,4,1,0,0,0,1,0,0,1,0,1,0.9,20058305,2005830500002,20058305,mother,child,M-C,1
268,,,1,1,5,1,0,0,0,0,0,0,0,0,1,1,20070554,2007055400001,20070554,mother,father,M-F,1
269,,,1,1,5,1,0,0,0,0,0,0,0,0,1,1,2007111600001,20071116,20071116,mother,father,M-F,1
270,,,1,1,5,1,0,0,0,1,0,0,0,0,1,1,2008645500002,2008645500003,20086455,child,child,siblings,1
271,,,1,1,5,1,0,0,0,0,0,0,0,0,1,1,2005854300002,2005854300003,20058543,child,child,siblings,1
272,,,1,1,4,1,0,0,0,0,0,0,0,0,1,0.9,239818000002,2398180,2398180,child,mother,M-C,1
273,,,1,1,5,1,0,0,1,1,0,0,0,0,1,1,614197900002,614197900004,6141979,child,child,siblings,1
274,,,1,1,4,1,0,0,0,0,0,0,0,0,1,0.9,2008949600001,2008949600003,20089496,mother,child,M-C,1
275,,,1,1,4,1,0,0,0,0,0,0,0,0,1,0.9,2009163500002,2009163500003,20091635,child,child,siblings,1
276,,,1,1,0,1,0,0,0,0,0,0,0,0,1,0,27279100001,272791,272791,mother,father,M-F,1
277,,,1,1,5,1,0,0,0,0,0,0,0,0,1,1,225566900003,2255669,2255669,child,father,F-C,1
278,,,1,1,5,1,0,0,0,0,0,0,0,0,1,1,758393500002,7583935,7583935,child,father,F-C,1
279,,,1,1,5,1,0,0,0,0,0,0,0,0,1,1,654020900003,654020900002,6540209,child,child,siblings,1
280,,,1,1,5,1,0,0,0,0,0,0,0,0,1,1,20067000,2006700000002,20067000,father,child,F-C,1
281,,,1,1,4,1,0,0,0,0,0,0,0,0,1,0.9,2005646600003,2005646600001,20056466,child,mother,M-C,1
282,,,1,1,5,1,0,0,0,0,0,0,0,0,1,1,2008582100002,2008582100003,20085821,child,child,siblings,1
283,,,1,1,5,1,0,0,0,0,0,0,0,0,1,1,5559980,555998000001,5559980,mother,father,M-F,1
284,,,1,1,5,1,0,0,0,1,0,0,1,0,1,1,20058305,2005830500001,20058305,mother,father,M-F,1
285,,,1,1,2,1,0,0,0,0,1,0,1,0,1,0.7,20063671,2006367100001,20063671,father,mother,M-F,1
286,,,1,1,5,1,0,0,0,0,0,0,0,0,1,1,935264200001,935264200002,9352642,mother,child,M-C,1
287,,,0,1,5,1,0,0,0,0,0,0,0,0,1,0,2007055400002,2007055400001,20070554,child,father,F-C,0
288,,,1,1,5,1,0,0,0,0,0,0,0,0,1,1,2005661600005,2005661600004,20056616,child,child,siblings,1
289,,,1,1,5,1,0,0,0,0,0,0,1,0,1,1,2008695400004,2008695400005,20086954,child,child,siblings,1
290,,,1,1,2,1,0,0,0,0,0,0,0,0,1,0.7,22175800001,221758,221758,mother,father,M-F,1
291,,,1,1,5,1,0,0,0,0,0,0,0,0,1,1,2003378300001,20033783,20033783,mother,father,M-F,1
292,,,1,1,5,1,0,0,0,1,1,0,0,0,1,1,2003349200001,2003349200002,20033492,father,child,F-C,1
293,,,1,1,5,1,0,0,0,0,0,0,0,0,1,1,892028,89202800002,892028,father,child,F-C,1
294,,,1,1,0,1,0,0,0,0,0,0,0,0,1,0,180147,18014700001,180147,father,mother,M-F,1
295,,,1,1,5,1,0,0,0,0,0,0,0,0,1,1,6323991,632399100001,6323991,mother,father,M-F,1
296,,,1,1,5,1,0,0,0,0,0,0,0,0,1,1,9935357,993535700002,9935357,father,child,F-C,1
297,,,1,5,1,1,0,0,0,0,0,0,0,0,1,0.6,2009014400002,2009014400004,20090144,child,child,siblings,0
298,,,0,1,4,1,0,0,0,0,0,0,0,0,1,0.4,2003552000003,2003552000002,20035520,child,child,siblings,1
299,,,0,1,5,1,0,0,0,1,0,0,0,0,1,0.5,2006490200003,2006490200002,20064902,child,child,siblings,0
300,,,1,1,5,1,0,0,0,0,0,0,0,0,1,1,2005957000002,2005957000001,20059570,child,mother,M-C,1
301,,,1,1,5,1,0,0,0,1,1,0,1,0,1,1,2007111400001,2007111400002,20071114,father,child,F-C,0
302,,,1,1,5,1,0,0,0,1,0,0,0,0,1,1,20090144,2009014400003,20090144,father,child,F-C,1
303,,,1,1,5,1,0,0,0,0,0,0,0,0,1,1,632399100004,6323991,6323991,child,mother,M-C,1
304,,,1,1,4,1,0,0,0,0,0,0,0,0,1,0.9,293473,29347300002,293473,father,child,F-C,1
305,,,1,1,5,1,0,0,0,0,0,0,0,0,1,1,2003581800003,20035818,20035818,child,mother,M-C,1
306,,,1,1,5,1,0,0,0,0,0,0,0,0,1,1,9447989,944798900002,9447989,father,child,F-C,1
307,,,0,1,5,1,0,0,0,0,0,0,0,0,1,0.5,2005810900003,2005810900002,20058109,child,child,siblings,0
308,,,1,1,3,1,0,0,0,0,0,0,0,0,1,0.8,2006015900002,2006015900001,20060159,child,mother,M-C,1
309,,,1,1,5,1,0,0,0,1,0,0,1,0,1,1,20037844,2003784400001,20037844,mother,father,M-F,1
310,,,1,1,5,1,0,0,0,1,0,0,0,0,1,1,20064084,2006408400002,20064084,father,child,F-C,1
311,,,1,1,5,1,0,0,0,0,0,0,0,0,1,1,2003587700003,2003587700001,20035877,child,father,F-C,1
312,,,1,1,5,1,0,0,0,0,0,0,0,0,1,1,160282300002,160282300003,1602823,child,child,siblings,1
313,,,0,1,5,1,0,0,0,0,0,0,0,0,1,0.5,243948000001,2439480,2439480,mother,father,M-F,0
314,,,1,1,5,1,0,0,0,0,0,0,0,0,1,1,484500001,4845,4845,mother,father,M-F,1
315,,,1,5,5,1,0,0,0,0,0,0,0,0,1,1,2003552000003,20035520,20035520,child,father,F-C,1
316,,,1,1,5,1,0,0,0,0,0,0,0,0,1,1,2003743000002,20037430,20037430,child,father,F-C,1
317,,,0,1,5,1,0,0,0,0,0,0,0,0,1,0.5,2006110200002,2006110200001,20061102,child,mother,M-C,0
318,,,1,1,5,1,0,0,0,0,0,0,0,0,1,1,20034486,2003448600001,20034486,mother,father,M-F,1
319,,,1,1,5,1,0,0,0,0,1,0,1,0,1,1,20062120,2006212000003,20062120,mother,child,M-C,1
320,,,1,1,5,1,0,0,0,0,0,0,0,0,1,1,368626100001,368626100002,3686261,mother,child,M-C,1
321,,,1,1,5,1,0,0,0,1,0,0,1,0,1,1,2005646600001,2005646600002,20056466,mother,child,M-C,1
322,,,1,1,4,1,0,0,0,0,1,0,0,0,1,0.9,2003361400002,20033614,20033614,child,father,F-C,1
323,,,1,1,4,1,0,0,0,0,0,0,0,0,1,0.9,2006927900003,2006927900001,20069279,child,mother,M-C,1
324,,,1,1,5,1,0,0,0,0,0,0,0,0,1,1,2005751600003,2005751600001,20057516,child,mother,M-C,1
325,,,1,1,3,1,0,0,0,0,0,0,0,0,1,0.8,232572900003,232572900002,2325729,child,child,siblings,1
326,,,1,1,5,1,0,0,0,1,0,0,1,0,1,1,20059874,2005987400003,20059874,father,child,F-C,1
327,,,1,1,3,1,0,0,0,0,0,0,0,0,1,0.8,2003349200002,2003349200004,20033492,child,child,siblings,1
328,,,1,1,4,1,0,0,0,0,0,0,0,0,1,0.9,2006262100001,20062621,20062621,father,mother,M-F,1
329,,,1,1,5,1,0,0,0,0,0,0,0,0,1,1,20056422,2005642200002,20056422,father,child,F-C,1
330,,,1,1,5,1,0,0,0,0,0,0,0,0,1,1,840070500002,840070500001,8400705,mother,father,M-F,1
331,,,1,1,4,1,0,0,0,0,0,0,0,0,1,0.9,2009140200001,2009140200002,20091402,mother,child,M-C,1
332,,,1,1,5,1,0,0,0,0,0,0,0,0,1,1,2005965100004,2005965100001,20059651,child,father,F-C,1
333,,,1,1,0,1,0,0,0,0,0,0,0,0,1,0,2006643000001,2006643000003,20066430,mother,child,M-C,1
334,,,0,1,3,1,0,0,0,0,0,0,0,0,1,0.3,2006563600003,2006563600002,20065636,child,child,siblings,1
335,,,1,1,5,1,0,0,0,0,0,0,0,0,1,1,142164600004,142164600005,1421646,child,child,siblings,1
336,,,1,1,5,1,0,0,0,0,0,0,0,0,1,1,1000209000001,10002090,10002090,father,mother,M-F,1
337,,,1,1,4,1,0,0,0,0,0,0,0,0,1,0.9,524541900003,524541900001,5245419,child,mother,M-C,1
338,,,0,1,5,1,0,0,0,0,0,0,0,0,1,0.5,2008709900003,2008709900004,20087099,child,child,siblings,0
339,,,1,1,5,1,0,0,0,1,1,0,1,0,1,1,2005826800001,2005826800002,20058268,mother,child,M-C,1
340,,,1,1,4,1,0,0,0,0,0,0,0,0,1,0.9,2008695400001,2008695400005,20086954,mother,child,M-C,1
341,,,1,1,5,1,0,0,0,0,0,0,0,0,1,1,20747500002,20747500001,207475,mother,father,M-F,1
342,,,1,1,4,1,0,0,0,0,0,0,0,0,1,0.9,2009245800001,2009245800004,20092458,mother,child,M-C,1
343,,,1,5,1,1,0,0,0,0,0,0,0,0,1,0.6,2005917200002,20059172,20059172,child,father,F-C,0
344,,,0,1,4,0,0,0,0,0,0,0,0,1,1,0,2003357100003,2003357100002,20033571,child,child,siblings,0
345,,,0,2,2,1,0,0,0,0,0,0,0,0,1,0.2,2006311600002,20063116,20063116,child,father,F-C,1
346,,,1,1,5,1,0,0,0,0,0,0,0,0,1,1,68060600002,68060600001,680606,child,father,F-C,1
347,,,1,1,5,1,0,0,0,0,0,0,0,0,1,1,2005800100002,2005800100001,20058001,child,father,F-C,1
348,,,1,1,5,1,0,0,0,1,0,1,0,0,1,1,2005701500003,2005701500004,20057015,child,child,siblings,1
349,,,1,1,5,1,0,0,0,0,0,0,0,0,1,1,9447989,944798900003,9447989,father,child,F-C,1
350,,,1,1,5,1,0,0,0,0,0,0,0,0,1,1,2005604200001,20056042,20056042,father,mother,M-F,1
351,,,1,1,5,1,0,0,0,0,0,0,0,0,1,1,2005639900001,20056399,20056399,father,mother,M-F,1
352,,,1,1,5,1,0,0,0,0,0,0,0,0,1,1,382500001,3825,3825,father,mother,M-F,1
353,,,1,1,4,1,0,0,0,0,0,0,0,0,1,0.9,2008415000005,2008415000001,20084150,child,mother,M-C,1
354,,,1,1,4,1,0,0,0,0,0,0,0,0,1,0.9,2003346300004,2003346300002,20033463,child,child,siblings,1
355,,,0,1,5,1,0,0,0,0,0,0,0,0,1,0.5,479300002,479300003,4793,child,child,siblings,0
356,,,1,1,5,1,0,0,0,1,0,0,1,0,1,1,2007179500003,2007179500004,20071795,child,child,siblings,1
357,,,1,1,5,1,0,0,0,0,0,0,0,0,1,1,20037559,2003755900003,20037559,mother,child,M-C,1
358,,,1,1,5,1,0,0,0,1,0,0,0,0,1,1,614197900001,614197900004,6141979,mother,child,M-C,1
359,,,1,1,4,1,0,0,0,0,0,0,0,0,1,0.9,2006700000001,20067000,20067000,mother,father,M-F,1
360,,,1,1,5,1,0,1,1,1,0,0,0,0,1,1,2006408400001,20064084,20064084,child,father,F-C,1
361,,,1,1,4,1,0,0,0,0,0,0,0,0,1,0.9,2006341300003,2006341300004,20063413,child,child,siblings,1
362,,,1,1,5,1,0,0,0,0,0,1,0,0,1,1,2003451400003,20034514,20034514,child,mother,M-C,1
363,,,0,1,4,1,0,0,0,0,0,0,0,0,1,0.4,61477600001,61477600002,614776,mother,child,M-C,1
364,,,1,1,5,1,0,0,0,1,1,0,0,0,1,1,30185749,3018574900001,30185749,mother,father,M-F,1
365,,,0,1,4,1,0,0,0,0,0,0,0,0,1,0.4,2005751600002,2005751600001,20057516,child,mother,M-C,1
366,,,1,2,5,1,0,0,0,0,0,0,0,0,1,1,27279100001,27279100002,272791,mother,child,M-C,1
367,,,1,1,5,1,0,0,0,0,0,0,0,0,1,1,2005750500004,2005750500003,20057505,child,child,siblings,1
368,,,1,1,2,1,0,0,0,0,0,0,0,0,1,0.7,3018545600001,3018545600004,30185456,mother,child,M-C,1
369,,,1,1,4,1,0,0,0,0,0,0,0,0,1,0.9,2008415000002,20084150,20084150,child,father,F-C,1
370,,,0,1,3,1,0,0,0,0,0,0,0,0,1,0.3,2006493800001,20064938,20064938,mother,father,M-F,1
371,,,1,1,5,0,0,0,0,0,1,0,0,0,1,1,2005778800001,20057788,20057788,mother,father,M-F,0
372,,,1,1,5,1,0,0,0,0,0,0,0,0,1,1,2006327500002,2006327500003,20063275,child,child,siblings,1
373,,,1,1,5,1,0,0,0,1,1,0,0,0,1,1,20064505,2006450500002,20064505,father,child,F-C,1
374,,,1,1,5,1,0,0,0,0,0,0,0,0,1,1,2005600900002,2005600900004,20056009,child,child,siblings,1
375,,,1,1,4,1,0,0,0,0,0,0,0,0,1,0.9,2008949600003,2008949600001,20089496,child,mother,M-C,1
376,,,1,1,5,1,0,0,0,0,0,0,0,0,1,1,2005751600004,20057516,20057516,child,father,F-C,1
377,,,1,1,5,1,0,0,0,0,0,0,1,0,1,1,2008695400005,2008695400004,20086954,child,child,siblings,1
378,,,1,1,5,1,0,0,0,0,0,0,0,0,1,1,2005661600003,2005661600001,20056616,child,mother,M-C,1
379,,,1,1,5,1,0,0,0,0,0,0,0,0,1,1,2006171000003,2006171000002,20061710,child,child,siblings,1
380,,,1,1,5,1,0,0,0,1,0,1,0,0,1,1,2003743000003,2003743000002,20037430,child,child,siblings,1
381,,,1,1,5,1,0,0,0,0,0,0,0,0,1,1,2003501700002,20035017,20035017,child,father,F-C,1
382,,,0,1,0,1,0,0,0,0,0,0,0,0,1,0,20066423,2006642300001,20066423,father,mother,M-F,1
383,,,1,1,4,1,0,0,0,0,0,0,0,0,1,0.9,2005793300001,2005793300003,20057933,mother,child,M-C,1
384,,,1,1,5,1,0,0,0,0,0,0,0,0,1,1,2005681400004,20056814,20056814,child,father,F-C,1
385,,,1,1,5,1,0,0,0,1,0,1,1,0,1,1,2003581800002,20035818,20035818,child,mother,M-C,1
386,,,1,1,5,1,0,0,0,0,0,0,0,0,1,1,2006023500003,20060235,20060235,child,father,F-C,1
387,,,1,1,5,1,0,0,0,0,0,0,0,0,1,1,2003587700002,20035877,20035877,child,mother,M-C,1
388,,,1,1,5,1,0,0,0,0,0,0,0,0,1,1,20060489,2006048900001,20060489,father,mother,M-F,1
389,,,1,1,4,1,0,0,0,0,0,0,0,0,1,0.9,2007273700002,20072737,20072737,child,father,F-C,1
390,,,1,1,5,1,0,0,0,0,0,0,0,0,1,1,8569908,856990800003,8569908,mother,child,M-C,1
391,,,1,1,5,1,0,0,0,0,0,0,0,0,1,1,2003760200002,2003760200001,20037602,child,mother,M-C,1
392,,,1,1,5,1,0,0,0,0,0,0,0,0,1,1,20037957,2003795700001,20037957,father,child,F-C,1
393,,,0,2,4,1,0,0,0,0,0,0,0,0,1,0,27279100002,272791,272791,child,father,F-C,1
394,,,1,1,5,1,0,0,0,0,0,0,0,0,1,1,20035383,2003538300001,20035383,mother,father,M-F,1
395,,,1,1,4,1,0,0,0,0,0,0,0,0,1,0.9,2006606700003,2006606700004,20066067,child,child,siblings,1
396,,,1,1,5,1,0,0,0,0,0,0,0,0,1,1,2005854300001,2005854300004,20058543,mother,child,M-C,1
397,,,1,1,4,1,0,0,0,0,0,0,0,0,1,0.9,20085821,2008582100002,20085821,father,child,F-C,1
398,,,1,1,5,1,0,0,0,1,0,0,1,0,1,1,2007375400005,2007375400002,20073754,child,child,siblings,1
399,,,1,1,5,1,0,0,0,0,0,0,0,0,1,1,12053700002,12053700003,120537,child,child,siblings,1
400,,,1,1,5,1,0,0,0,0,0,0,0,0,1,1,1000276000002,1000276000003,10002760,child,child,siblings,1
401,,,1,1,5,1,0,0,0,0,0,0,0,0,1,1,2007004400003,2007004400001,20070044,child,father,F-C,1
402,,,1,1,5,1,0,0,0,0,0,0,1,0,1,1,2005626500002,2005626500001,20056265,child,father,F-C,1
403,,,1,1,5,1,0,0,0,0,0,1,0,0,1,1,2003451400003,2003451400002,20034514,child,child,siblings,1
404,,,1,1,5,1,0,0,0,0,0,0,0,0,1,1,632399100004,632399100003,6323991,child,child,siblings,1
405,,,1,1,5,0,0,0,0,1,0,0,0,0,1,1,20062567,2006256700001,20062567,mother,father,M-F,0
406,,,1,1,5,1,0,0,0,0,1,0,1,0,1,1,2005691400001,2005691400002,20056914,father,child,F-C,1
407,,,1,1,5,1,0,0,0,1,0,1,0,0,1,1,72687100002,726871,726871,child,father,F-C,1
408,,,1,1,5,1,0,0,0,0,0,0,0,0,1,1,2003587700002,2003587700001,20035877,child,father,F-C,1
409,,,1,0,0,1,0,0,0,0,0,0,0,0,1,0,31875200001,318752,318752,father,mother,M-F,1
410,,,1,1,5,1,0,0,0,1,0,0,1,0,1,1,2007375400005,2007375400004,20073754,child,child,siblings,1
411,,,1,1,5,1,0,0,0,0,0,0,0,0,1,1,2005797600001,20057976,20057976,mother,father,M-F,1
412,,,1,1,5,1,0,0,0,0,0,0,0,0,1,1,2439480,243948000002,2439480,father,child,F-C,1
413,,,1,5,1,1,0,0,0,0,0,0,0,0,1,0.6,2003596600002,2003596600001,20035966,child,father,F-C,0
414,,,0,1,5,1,0,0,0,0,0,0,0,0,1,0.5,2005793300004,2005793300003,20057933,child,child,siblings,0
415,,,1,1,5,1,0,0,0,1,0,0,0,0,1,1,20090121,2009012100002,20090121,father,child,F-C,1
416,,,0,1,5,1,0,0,0,0,0,0,0,0,1,0.5,2003742300003,20037423,20037423,child,mother,M-C,0
417,,,1,1,4,1,0,1,0,1,0,0,0,0,1,0.9,2003378300002,2003378300001,20033783,child,mother,M-C,1
418,,,1,1,4,1,0,0,0,0,0,0,0,0,1,0.9,2008582100002,20085821,20085821,child,father,F-C,1
419,,,1,1,5,1,0,0,0,0,0,0,0,0,1,1,1454172,145417200001,1454172,father,mother,M-F,1
420,,,1,1,5,1,0,0,0,0,0,0,0,0,1,1,632399100001,632399100003,6323991,father,child,F-C,1
421,,,1,1,5,1,0,0,0,0,0,0,0,0,1,1,489733800004,4897338,4897338,child,father,F-C,1
422,,,1,1,5,1,0,0,0,1,0,0,1,0,1,1,2006841000002,2006841000003,20068410,child,child,siblings,1
423,,,1,1,5,1,0,0,0,1,1,0,0,0,1,1,2007179500001,2007179500002,20071795,mother,child,M-C,1
424,,,1,1,5,1,0,0,0,0,0,0,0,0,1,1,20034297,2003429700001,20034297,mother,father,M-F,1
425,,,1,1,4,1,0,0,0,0,0,0,0,0,1,0.9,20033614,2003361400002,20033614,father,child,F-C,1
426,,,0,1,2,1,0,0,0,0,0,0,0,0,1,0.2,2006311600001,2006311600003,20063116,mother,child,M-C,1
427,,,1,1,5,1,0,0,0,1,0,1,0,0,1,1,72687100003,726871,726871,child,father,F-C,1
428,,,1,1,5,1,0,0,0,1,0,0,1,0,1,1,2005646600002,20056466,20056466,child,father,F-C,1
429,,,1,1,5,1,0,0,0,1,0,0,0,0,1,1,54339800001,543398,543398,child,mother,M-C,1
430,,,1,1,4,1,0,0,0,0,0,0,0,0,1,0.9,2005619700001,20056197,20056197,father,mother,M-F,1
431,,,1,1,5,1,0,0,0,0,0,0,0,0,1,1,20087099,2008709900001,20087099,father,mother,M-F,1
432,,,1,1,5,1,0,0,0,0,0,0,0,0,1,1,2006376900003,20063769,20063769,child,father,F-C,1
433,,,1,1,4,1,0,0,0,0,0,0,0,0,1,0.9,2003348800001,2003348800002,20033488,mother,child,M-C,1
434,,,1,1,5,1,0,0,0,0,0,0,0,0,1,1,534780500003,5347805,5347805,child,father,F-C,1
435,,,1,1,5,1,0,0,0,0,0,0,0,0,1,1,93279200002,93279200001,932792,child,father,F-C,1
436,,,1,1,4,1,0,0,0,0,0,0,0,0,1,0.9,2005706200003,2005706200001,20057062,child,father,F-C,1
437,,,1,1,5,1,0,0,0,0,0,0,0,0,1,1,20056001,2005600100002,20056001,mother,child,M-C,1
438,,,1,1,4,1,0,0,0,0,0,0,0,0,1,0.9,2003755900001,20037559,20037559,father,mother,M-F,1
439,,,1,1,5,1,0,0,0,0,0,0,0,0,1,1,20057839,2005783900001,20057839,mother,father,M-F,1
440,,,0,1,4,1,0,0,0,0,0,0,0,0,1,0.4,2005751600002,2005751600003,20057516,child,child,siblings,1
441,,,1,1,5,1,0,0,0,0,0,0,0,0,1,1,175921100002,1759211,1759211,child,father,F-C,1
442,,,1,1,5,1,0,0,0,0,0,0,0,0,1,1,2005854300003,2005854300004,20058543,child,child,siblings,1
443,,,1,1,5,1,0,0,0,0,0,0,0,0,1,1,3018545600002,3018545600001,30185456,child,mother,M-C,1
444,,,1,1,5,1,0,0,0,0,0,0,0,0,1,1,2006212000001,2006212000002,20062120,father,child,F-C,1
445,,,1,1,5,1,0,0,0,0,0,0,0,0,1,1,20033783,2003378300002,20033783,father,child,F-C,1
446,,,1,1,5,1,0,0,0,0,0,0,0,0,1,1,935264200003,935264200002,9352642,child,child,siblings,1
447,,,1,1,4,1,0,0,0,0,0,0,0,0,1,0.9,2006341300004,2006341300002,20063413,child,child,siblings,1
448,,,1,1,5,1,0,0,0,0,0,0,0,0,1,1,2007374300002,2007374300004,20073743,child,child,siblings,1
449,,,1,1,4,1,0,0,0,1,0,0,0,0,1,0.9,2006109700004,2006109700001,20061097,child,mother,M-C,1
450,,,1,1,5,1,0,0,0,0,0,0,0,0,1,1,8210421,821042100001,8210421,father,mother,M-F,1
451,,,1,1,5,1,0,0,0,0,0,0,0,0,1,1,2005928200001,2005928200003,20059282,father,child,F-C,1
452,,,1,0,0,1,0,0,0,1,0,0,0,0,1,0,2003783800002,20037838,20037838,child,father,F-C,1
453,,,1,1,5,1,0,0,0,0,0,0,0,0,1,1,30185480,3018548000003,30185480,father,child,F-C,1
454,,,1,1,5,0,0,0,0,0,0,0,1,0,1,1,2003637200002,2003637200001,20036372,child,father,F-C,0
455,,,1,0,0,1,0,0,0,0,0,0,0,0,1,0,2005830500003,20058305,20058305,child,mother,M-C,1
456,,,1,1,5,1,0,0,0,0,0,0,0,0,1,1,2005750500001,2005750500003,20057505,father,child,F-C,1
457,,,1,1,5,0,1,0,0,0,0,0,0,0,1,1,2005987400001,20059874,20059874,mother,father,M-F,0
458,,,1,1,5,1,0,0,0,0,0,0,0,0,1,1,758393500003,758393500004,7583935,child,child,siblings,1
459,,,0,1,5,1,0,0,0,0,0,0,0,0,1,0.5,27279100003,27279100004,272791,child,child,siblings,0
460,,,1,1,5,1,0,0,0,1,0,0,0,0,1,1,654020900002,654020900003,6540209,child,child,siblings,1
461,,,1,1,5,1,0,0,0,0,0,0,0,0,1,1,2006023500002,2006023500001,20060235,child,mother,M-C,1
462,,,1,0,0,1,0,0,0,0,0,0,0,0,1,0,2005830500001,20058305,20058305,father,mother,M-F,1
463,,,1,1,5,1,0,0,0,0,0,0,0,0,1,1,2009140200001,20091402,20091402,mother,father,M-F,1
464,,,1,1,5,1,0,0,0,0,0,0,0,0,1,1,2008724200002,2008724200001,20087242,child,mother,M-C,1
465,,,1,1,5,1,0,0,0,0,0,0,0,0,1,1,93279200001,93279200003,932792,father,child,F-C,1
466,,,1,1,5,1,0,0,0,0,0,0,0,0,1,1,368626100002,368626100001,3686261,child,mother,M-C,1
467,,,1,1,5,1,0,0,0,1,0,1,0,0,1,1,72687100002,72687100001,726871,child,mother,M-C,1
468,,,1,1,4,1,0,0,0,0,0,0,0,0,1,0.9,2006341300002,2006341300004,20063413,child,child,siblings,1
469,,,1,1,4,1,0,0,0,0,0,0,0,0,1,0.9,2008695400001,20086954,20086954,mother,father,M-F,1
470,,,1,5,1,1,0,0,0,0,0,0,0,0,1,0.6,142164600002,142164600003,1421646,child,child,siblings,0
471,,,1,1,5,1,0,0,0,1,0,0,1,0,1,1,2006674700001,2006674700002,20066747,mother,child,M-C,1
472,,,1,1,5,1,0,0,0,0,0,0,0,0,1,1,2007374300004,20073743,20073743,child,father,F-C,1
473,,,1,1,5,0,0,0,0,0,0,0,0,1,1,1,2006202700002,2006202700003,20062027,child,child,siblings,0
474,,,0,1,5,1,0,0,0,0,0,0,0,0,1,0.5,13580700003,135807,135807,child,father,F-C,0
475,,,1,1,5,1,0,0,0,0,0,0,0,0,1,1,2003634000002,2003634000004,20036340,child,child,siblings,1
476,,,1,1,5,1,0,0,0,0,0,0,0,0,1,1,2008999000003,2008999000001,20089990,child,child,siblings,1
477,,,1,1,5,1,0,0,0,0,0,0,0,0,1,1,826955400002,8269554,8269554,child,father,F-C,1
478,,,1,1,5,1,0,0,0,1,0,0,1,0,1,1,2003346700003,20033467,20033467,child,father,F-C,1
479,,,1,1,5,1,0,0,0,0,0,0,0,0,1,1,2003742500003,2003742500001,20037425,child,father,F-C,1
480,,,0,1,2,1,0,0,0,0,0,0,0,0,1,0.2,2006652300002,2006652300001,20066523,child,child,siblings,1
481,,,0,1,5,0,0,0,1,1,0,0,0,0,1,0.5,2003553200003,2003553200001,20035532,child,father,F-C,0
482,,,1,1,5,1,0,0,0,0,0,0,0,0,1,1,27279100004,272791,272791,child,father,F-C,1
483,,,1,1,3,1,0,0,0,0,0,0,0,0,1,0.8,482513,48251300004,482513,father,child,F-C,1
484,,,1,1,5,1,0,0,0,0,0,0,0,0,1,1,2470798,247079800003,2470798,father,child,F-C,1
485,,,1,1,5,1,0,0,0,1,1,0,0,0,1,1,3018574900001,3018574900003,30185749,father,child,F-C,1
486,,,1,1,5,1,0,0,0,0,1,0,1,0,1,1,2006786400001,2006786400003,20067864,mother,child,M-C,1
487,,,1,1,5,1,0,0,0,0,1,0,1,0,1,1,2006786400001,20067864,20067864,mother,father,M-F,1
488,,,1,1,5,1,0,0,0,0,0,0,0,0,1,1,48750900001,487509,487509,mother,father,M-F,1
489,,,1,1,5,1,0,0,0,0,0,0,0,0,1,1,21552900001,21552900004,215529,father,child,F-C,1
490,,,1,1,5,1,0,0,0,0,0,0,0,0,1,1,2006241200001,20062412,20062412,father,mother,M-F,1
491,,,1,1,5,1,0,0,0,0,0,0,0,0,1,1,2005640700003,20056407,20056407,child,father,F-C,1
492,,,1,1,5,1,0,0,0,0,0,0,0,0,1,1,20033390,2003339000001,20033390,father,mother,M-F,1
493,,,1,1,5,1,0,0,0,0,0,0,0,0,1,1,2006046500002,20060465,20060465,child,father,F-C,1
494,,,1,1,5,1,0,0,0,0,0,0,0,0,1,1,2005607300003,2005607300004,20056073,child,child,siblings,1
495,,,1,1,0,1,0,0,0,0,0,0,0,0,1,0,21362500001,21362500003,213625,father,child,F-C,1
496,,,1,5,1,1,0,0,0,0,0,0,0,0,1,0.6,2003526600002,2003526600001,20035266,child,mother,M-C,0
497,,,1,1,3,1,0,0,0,0,0,0,0,0,1,0.8,2003346300001,2003346300004,20033463,mother,child,M-C,1
498,,,1,1,5,1,0,0,0,0,1,0,0,0,1,1,272791,27279100004,272791,father,child,F-C,1
499,,,1,1,4,1,0,0,0,0,0,0,0,0,1,0.9,2003743400002,20037434,20037434,child,father,F-C,1
