Id,Label,timeset,person1,person2,touch,frequency,duration,loc_home,loc_work,loc_school,loc_kindergarden,loc_transport,loc_leisure,loc_grandparents,loc_other,loc_missing,betweenhhmembers,household,weight,sourcerole,targetrole,relation,modularity_class
0,,,2006344100003,2006344100001,1,1,5,1,0,0,0,1,0,0,1,0,1,20063441,1,child,mother,M-C,6
1,,,2003448600001,2003448600002,1,1,5,1,0,0,0,0,0,0,0,0,1,20034486,1,father,child,F-C,0
2,,,2006023500003,2006023500002,1,1,5,1,0,0,0,0,0,0,0,0,1,20060235,1,child,child,siblings,0
3,,,143220600001,143220600003,1,1,5,1,0,0,0,1,1,0,1,0,1,1432206,1,father,child,F-C,2
4,,,5461565,546156500002,1,1,5,1,0,0,0,1,1,0,0,0,1,5461565,1,mother,child,M-C,2
5,,,2006262100001,2006262100003,1,1,5,1,0,0,0,0,0,0,0,0,1,20062621,1,father,child,F-C,0
6,,,2005979200002,2005979200001,1,1,5,1,0,0,0,1,0,1,1,0,1,20059792,1,child,mother,M-C,8
7,,,2006260500004,20062605,1,1,5,1,0,0,0,0,0,0,0,0,1,20062605,1,child,father,F-C,0
8,,,2005783500001,2005783500002,1,1,5,1,0,0,0,0,1,0,0,0,1,20057835,1,father,child,F-C,2
9,,,1432206,143220600002,1,1,5,1,0,0,0,1,1,0,1,0,1,1432206,1,mother,child,M-C,2
10,,,18014700001,180147,1,1,5,1,0,0,0,0,0,0,0,0,1,180147,1,mother,father,M-F,0
11,,,2003349200004,2003349200002,1,1,3,1,0,0,0,0,0,0,0,0,1,20033492,0.8,child,child,siblings,7
12,,,2006882500004,2006882500002,1,1,5,1,0,0,0,1,0,0,1,0,1,20068825,1,child,child,siblings,6
13,,,120537,12053700002,0,1,4,1,0,0,0,0,0,0,0,0,1,120537,0.4,mother,child,M-C,7
14,,,2007377200001,2007377200002,1,1,5,1,0,0,0,0,0,0,0,0,1,20073772,1,father,child,F-C,0
15,,,2009163500003,2009163500002,1,1,4,1,0,0,0,0,0,0,0,0,1,20091635,0.9,child,child,siblings,4
16,,,2007301700001,2007301700002,1,1,5,1,0,0,0,1,1,0,0,0,1,20073017,1,mother,child,M-C,2
17,,,1000273800001,1000273800002,1,1,4,1,0,0,0,0,1,0,0,0,1,10002738,0.9,mother,child,M-C,2
18,,,2006241200003,2006241200001,1,1,5,1,0,0,0,0,0,0,1,0,1,20062412,1,child,father,F-C,6
19,,,2006592700001,20065927,1,1,5,1,0,0,0,0,0,0,0,0,1,20065927,1,father,mother,M-F,0
20,,,20073754,2007375400003,1,1,5,1,0,0,0,1,0,0,1,0,1,20073754,1,father,child,F-C,6
21,,,5347805,534780500004,1,1,5,1,0,0,0,0,0,0,0,0,1,5347805,1,father,child,F-C,0
22,,,11973000001,11973000003,1,1,4,1,0,0,0,0,0,0,0,0,1,119730,0.9,father,child,F-C,4
23,,,2006212000003,2006212000002,0,1,5,1,0,0,0,0,0,0,0,0,1,20062120,0.5,child,child,siblings,7
24,,,2005895100002,2005895100001,1,1,4,1,0,0,0,0,0,0,0,0,1,20058951,0.9,child,father,F-C,4
25,,,2008415000002,2008415000004,1,1,2,1,0,0,0,0,0,0,0,0,1,20084150,0.7,child,child,siblings,7
26,,,2007301700002,2007301700001,1,1,5,1,0,0,0,1,0,0,0,0,1,20073017,1,child,mother,M-C,6
27,,,4172139,417213900001,1,1,5,1,0,0,0,0,0,0,0,0,1,4172139,1,father,child,F-C,0
28,,,965486900005,965486900002,0,1,2,1,0,0,0,0,0,0,0,0,1,9654869,0.2,child,child,siblings,7
29,,,31875200003,318752,1,1,5,1,0,0,0,0,0,0,0,0,1,318752,1,child,mother,M-C,0
30,,,20056042,2005604200001,1,1,5,1,0,0,0,0,0,0,0,0,1,20056042,1,mother,father,M-F,0
31,,,20086527,2008652700001,1,1,5,1,0,0,0,0,0,0,0,0,1,20086527,1,father,mother,M-F,0
32,,,2003330600001,2003330600002,0,1,5,1,0,0,0,0,0,0,0,0,1,20033306,0.5,child,child,siblings,7
33,,,2006490200004,20064902,1,1,5,1,0,1,0,1,0,0,0,0,1,20064902,1,child,father,F-C,3
34,,,72354300001,72354300003,1,1,4,1,0,0,0,0,0,0,0,0,1,723543,0.9,mother,child,M-C,4
35,,,1000276000002,1000276000001,1,1,5,1,0,0,0,0,0,0,0,0,1,10002760,1,child,mother,M-C,0
36,,,2005854300005,2005854300004,1,1,5,1,0,0,0,0,0,0,0,0,1,20058543,1,child,child,siblings,0
37,,,20071795,2007179500003,1,1,5,1,0,0,0,1,1,0,0,0,1,20071795,1,father,child,F-C,2
38,,,2008926300002,2008926300003,1,1,4,1,0,0,0,0,0,0,0,0,1,20089263,0.9,child,child,siblings,4
39,,,2005979200003,2005979200001,1,1,5,1,0,0,0,1,0,1,1,0,1,20059792,1,child,mother,M-C,8
40,,,2007111800003,20071118,1,1,5,0,0,0,0,0,0,0,1,0,1,20071118,1,child,mother,M-C,6
41,,,2003361400001,2003361400003,1,1,5,1,0,0,0,1,1,0,0,0,1,20033614,1,mother,child,M-C,2
42,,,2006376900001,20063769,1,1,5,1,0,0,0,0,0,0,0,0,1,20063769,1,mother,father,M-F,0
43,,,2005643500002,2005643500001,1,1,5,1,0,0,0,0,0,0,0,0,1,20056435,1,child,father,F-C,0
44,,,756602200001,756602200003,1,1,5,0,0,0,0,0,0,0,1,0,1,7566022,1,mother,child,M-C,6
45,,,2009245800001,20092458,1,1,4,1,0,0,0,0,0,0,0,0,1,20092458,0.9,mother,father,M-F,4
46,,,2005604200002,2005604200001,1,1,5,1,0,0,0,0,0,0,0,0,1,20056042,1,child,father,F-C,0
47,,,225566900001,2255669,1,1,5,1,0,0,0,0,0,0,0,0,1,2255669,1,mother,father,M-F,0
48,,,405795100001,405795100002,1,1,5,1,0,0,0,0,0,0,0,0,1,4057951,1,father,child,F-C,0
49,,,2006341300002,20063413,1,1,4,1,0,0,0,0,0,0,0,0,1,20063413,0.9,child,mother,M-C,4
50,,,2005642400001,20056424,1,1,5,1,0,0,0,0,0,0,0,0,1,20056424,1,father,mother,M-F,0
51,,,14973300003,149733,1,1,5,1,0,0,0,0,0,0,0,0,1,149733,1,child,mother,M-C,0
52,,,2008788800002,2008788800003,1,1,5,1,0,0,0,0,0,0,0,0,1,20087888,1,child,child,siblings,0
53,,,2003581800003,2003581800002,1,1,5,1,0,0,0,1,0,0,1,0,1,20035818,1,child,child,siblings,6
54,,,2005793300002,20057933,1,1,5,1,0,0,0,0,0,0,0,0,1,20057933,1,child,father,F-C,0
55,,,20073017,2007301700001,1,1,5,1,0,0,0,0,1,0,0,0,1,20073017,1,father,mother,M-F,2
56,,,2006960800002,2006960800003,1,1,4,1,0,0,0,0,0,0,0,0,1,20069608,0.9,child,child,siblings,4
57,,,2003349200003,2003349200001,1,1,3,1,0,0,0,0,0,0,0,0,1,20033492,0.8,child,father,F-C,7
58,,,479300003,4793,1,1,5,1,0,0,0,0,0,0,0,0,1,4793,1,child,mother,M-C,0
59,,,2003526600003,2003526600001,1,1,5,1,0,0,0,0,0,0,0,0,1,20035266,1,child,mother,M-C,0
60,,,2009245800004,20092458,1,1,5,1,0,0,0,0,0,0,0,0,1,20092458,1,child,father,F-C,0
61,,,22175800002,22175800001,1,1,5,1,0,0,0,0,0,0,0,0,1,221758,1,child,mother,M-C,0
62,,,821042100002,821042100003,0,1,4,1,0,0,0,0,0,0,0,0,1,8210421,0.4,child,child,siblings,7
63,,,255230,25523000005,1,1,0,1,0,0,0,0,0,0,0,0,1,255230,0,father,child,F-C,5
64,,,203852200003,203852200001,1,1,5,1,0,0,0,0,0,0,0,0,1,2038522,1,child,mother,M-C,0
65,,,8269554,826955400001,1,1,5,1,0,0,0,0,0,0,0,0,1,8269554,1,father,mother,M-F,0
66,,,20057516,2005751600001,1,1,5,1,0,0,0,0,0,0,0,0,1,20057516,1,father,mother,M-F,0
67,,,2005750500003,2005750500004,1,1,5,1,0,0,0,0,0,0,0,0,1,20057505,1,child,child,siblings,0
68,,,2003361400003,20033614,1,1,4,1,0,0,0,0,0,0,0,0,1,20033614,0.9,child,father,F-C,4
69,,,2005987400003,2005987400001,1,1,5,1,0,0,0,0,0,0,0,0,1,20059874,1,child,mother,M-C,0
70,,,2005940000002,20059400,1,1,5,1,0,0,0,0,0,0,0,0,1,20059400,1,child,father,F-C,0
71,,,2006405900002,2006405900003,1,1,4,1,0,0,0,0,0,0,0,0,1,20064059,0.9,child,child,siblings,4
72,,,2009163500003,20091635,1,1,4,1,0,0,0,0,0,0,0,0,1,20091635,0.9,child,mother,M-C,4
73,,,20037434,2003743400002,1,1,4,1,0,0,0,0,0,0,0,0,1,20037434,0.9,father,child,F-C,4
74,,,2005600100002,2005600100003,1,1,5,1,0,0,0,0,0,1,0,0,1,20056001,1,child,child,siblings,8
75,,,20037844,2003784400002,1,1,4,1,0,0,0,1,0,0,1,0,1,20037844,0.9,mother,child,M-C,6
76,,,20033463,2003346300001,1,1,4,1,0,0,0,0,0,0,0,0,1,20033463,0.9,father,mother,M-F,4
77,,,20034484,2003448400002,1,1,2,1,0,0,0,0,0,0,0,0,1,20034484,0.7,mother,child,M-C,7
78,,,2005600900004,2005600900002,1,1,5,1,0,0,0,0,0,0,0,0,1,20056009,1,child,child,siblings,0
79,,,2006927900001,2006927900003,1,1,4,1,0,0,0,0,0,0,0,0,1,20069279,0.9,mother,child,M-C,4
80,,,534780500001,534780500004,1,1,4,1,0,0,0,0,0,0,0,0,1,5347805,0.9,mother,child,M-C,4
81,,,2005643500001,2005643500002,1,1,5,1,0,0,0,0,0,0,0,0,1,20056435,1,father,child,F-C,0
82,,,2005681400002,2005681400003,0,1,5,1,0,0,0,0,0,0,0,0,1,20056814,0.5,child,child,siblings,7
83,,,1000286100004,1000286100002,1,1,4,1,0,0,0,1,0,0,0,0,1,10002861,0.9,child,child,siblings,6
84,,,9749638,974963800001,1,1,5,1,0,0,0,0,0,0,0,0,1,9749638,1,father,mother,M-F,0
85,,,2006315300002,20063153,1,1,5,1,0,0,0,0,0,0,0,0,1,20063153,1,child,mother,M-C,0
86,,,2005830500003,2005830500002,1,0,0,1,0,0,0,0,0,0,0,0,1,20058305,0,child,child,siblings,5
87,,,2007055400002,2007055400004,0,1,5,1,0,0,0,0,0,0,0,0,1,20070554,0,child,child,siblings,1
88,,,2008926300003,2008926300001,1,1,5,1,0,0,0,0,0,0,0,0,1,20089263,1,child,father,F-C,0
89,,,299187200001,2991872,1,2,4,1,0,0,0,0,0,0,0,0,1,2991872,0.9,child,mother,M-C,1
90,,,2255669,225566900002,1,1,5,1,0,0,0,0,0,0,0,0,1,2255669,1,father,child,F-C,0
91,,,935264200003,9352642,1,1,5,1,0,0,0,0,0,0,0,0,1,9352642,1,child,father,F-C,0
92,,,2005626500001,2005626500002,1,1,5,1,0,0,0,0,0,0,1,0,1,20056265,1,father,child,F-C,6
93,,,203852200002,2038522,1,1,5,1,0,0,0,0,0,0,0,0,1,2038522,1,child,father,F-C,0
94,,,247079800001,247079800002,0,1,5,1,0,0,0,0,1,0,0,0,1,2470798,0.5,mother,child,M-C,2
95,,,2003516800002,20035168,1,1,5,1,0,0,0,0,0,0,0,0,1,20035168,1,child,mother,M-C,0
96,,,20037423,2003742300002,1,1,5,1,0,0,0,0,0,0,0,0,1,20037423,1,mother,child,M-C,0
97,,,20057062,2005706200003,1,1,4,1,0,0,0,0,0,0,0,0,1,20057062,0.9,mother,child,M-C,4
98,,,30185480,3018548000002,1,1,5,1,0,0,0,0,0,0,0,0,1,30185480,1,father,child,F-C,0
99,,,2006097900002,20060979,1,1,4,1,0,0,0,1,0,0,0,0,1,20060979,0.9,child,father,F-C,6
100,,,2005698500003,2005698500002,1,1,5,1,0,0,0,0,0,0,0,0,1,20056985,1,child,child,siblings,0
101,,,20091635,2009163500003,1,1,5,1,0,0,0,1,0,0,0,0,1,20091635,1,mother,child,M-C,6
102,,,2003361400001,2003361400004,1,1,5,1,0,0,0,1,1,0,0,0,1,20033614,1,mother,child,M-C,2
103,,,1590700002,1590700001,1,1,2,0,0,0,0,0,1,0,0,0,1,15907,0.7,child,father,F-C,6
104,,,2007375400005,2007375400001,1,1,5,1,0,0,0,1,0,0,1,0,1,20073754,1,child,mother,M-C,6
105,,,20062120,2006212000002,1,1,5,1,0,0,0,0,1,0,1,0,1,20062120,1,mother,child,M-C,2
106,,,2005854300004,2005854300005,1,1,5,1,0,0,0,0,0,0,0,0,1,20058543,1,child,child,siblings,0
107,,,2008645500003,2008645500004,1,1,5,0,0,0,0,1,0,0,1,0,1,20086455,1,child,child,siblings,6
108,,,405795100002,405795100001,1,1,5,1,0,0,0,0,0,0,0,0,1,4057951,1,child,father,F-C,0
109,,,135807,13580700002,0,1,5,1,0,0,0,0,0,0,0,0,1,135807,0.5,father,child,F-C,7
110,,,20059570,2005957000004,1,1,5,1,0,1,0,0,0,0,0,0,1,20059570,1,father,child,F-C,3
111,,,2007055400002,2007055400003,0,1,5,1,0,0,0,0,0,0,0,0,1,20070554,0,child,child,siblings,1
112,,,2005826800004,2005826800001,1,1,5,1,0,0,0,1,0,0,1,0,1,20058268,1,child,mother,M-C,6
113,,,20035168,2003516800002,1,1,5,1,0,0,0,0,0,0,0,0,1,20035168,1,mother,child,M-C,0
114,,,2006023500002,2006023500003,1,1,5,1,0,0,0,0,0,0,0,0,1,20060235,1,child,child,siblings,0
115,,,2005626500002,20056265,1,1,5,1,0,0,0,0,0,0,1,0,1,20056265,1,child,mother,M-C,6
116,,,974963800001,9749638,0,1,4,1,0,0,0,0,0,0,0,0,1,9749638,0.4,mother,father,M-F,7
117,,,2006563600005,2006563600001,1,1,4,1,0,0,0,0,0,0,0,0,1,20065636,0.9,child,mother,M-C,4
118,,,2005642400002,2005642400001,1,1,5,1,0,0,0,0,0,0,0,0,1,20056424,1,child,father,F-C,0
119,,,632399100003,632399100002,0,1,4,1,0,0,0,0,0,0,0,0,1,6323991,0.4,child,child,siblings,7
120,,,2007375400002,2007375400005,0,1,5,1,0,0,0,1,0,0,1,0,1,20073754,0,child,child,siblings,1
121,,,20070044,2007004400002,1,5,1,1,0,0,0,0,0,0,0,0,1,20070044,0.6,mother,child,M-C,1
122,,,2006367100003,20063671,1,1,5,1,0,0,0,0,0,0,0,0,1,20063671,1,child,father,F-C,0
123,,,592862400002,592862400001,1,1,5,1,0,0,0,1,0,0,0,0,1,5928624,1,child,mother,M-C,6
124,,,200566160002,2005661600005,1,1,5,1,0,0,0,0,0,0,0,0,1,20056616,1,child,child,siblings,0
125,,,2006450500003,2006450500002,1,1,5,1,0,0,0,0,0,0,0,0,1,20064505,1,child,child,siblings,0
126,,,2006321000002,2006321000001,1,1,5,1,0,0,0,0,0,0,0,0,1,20063210,1,child,mother,M-C,0
127,,,8516142,851614200001,1,1,5,1,0,0,0,0,0,0,0,0,1,8516142,1,father,mother,M-F,0
128,,,20062128,2006212800004,1,1,4,1,0,0,0,0,0,0,0,0,1,20062128,0.9,father,child,F-C,4
129,,,20058597,2005859700001,1,1,5,1,0,0,0,1,1,0,0,0,1,20058597,1,father,child,F-C,2
130,,,2003332600003,2003332600002,1,1,5,1,0,0,0,1,0,0,1,0,1,20033326,1,child,child,siblings,6
131,,,2005826800003,2005826800005,1,2,5,1,0,0,0,1,0,0,1,0,1,20058268,1,child,child,siblings,6
132,,,2007004400002,2007004400003,1,1,5,1,0,0,0,0,0,0,0,0,1,20070044,1,child,child,siblings,0
133,,,25523000004,25523000005,1,1,4,1,0,0,0,0,0,0,0,0,1,255230,0.9,child,child,siblings,4
134,,,2007111400001,2007111400003,1,1,5,1,0,0,0,1,1,0,1,0,1,20071114,1,father,child,F-C,2
135,,,20037559,2003755900002,1,1,5,1,0,0,0,0,0,0,0,0,1,20037559,1,mother,child,M-C,0
136,,,2005639900002,2005639900001,1,1,5,1,0,0,0,0,0,0,0,0,1,20056399,1,child,father,F-C,0
137,,,2006244200001,2006244200002,1,1,5,1,0,0,0,0,0,0,0,0,1,20062442,1,father,child,F-C,0
138,,,2006652300002,20066523,1,1,5,1,0,0,0,0,0,0,0,0,1,20066523,1,child,father,F-C,0
139,,,524541900002,524541900003,1,1,4,1,0,0,0,0,0,0,0,0,1,5245419,0.9,child,child,siblings,4
140,,,2006212000001,20062120,1,1,5,1,0,0,0,0,0,0,0,0,1,20062120,1,father,mother,M-F,0
141,,,20084150,2008415000001,1,1,5,1,0,0,0,0,0,0,0,0,1,20084150,1,father,mother,M-F,0
142,,,19003400002,19003400001,1,1,4,1,0,0,0,0,0,0,0,0,1,190034,0.9,child,mother,M-C,4
143,,,2008967600002,2008967600004,1,1,4,0,0,0,0,0,0,1,0,0,1,20089676,0.9,child,child,siblings,8
144,,,2008652700001,20086527,1,1,5,1,0,0,0,0,0,0,0,0,1,20086527,1,mother,father,M-F,0
145,,,2003336700001,20033367,1,1,4,1,0,0,0,0,0,0,0,0,1,20033367,0.9,mother,father,M-F,4
146,,,2006606700003,2006606700001,1,1,4,0,0,0,0,0,0,0,1,0,1,20066067,0.9,child,mother,M-C,6
147,,,2006341300003,20063413,1,1,4,1,0,0,0,0,0,0,0,0,1,20063413,0.9,child,mother,M-C,4
148,,,20069279,2006927900003,1,1,4,1,0,0,0,0,0,0,0,0,1,20069279,0.9,father,child,F-C,4
149,,,2005965100001,20059651,1,1,5,1,0,0,0,0,0,0,0,0,1,20059651,1,father,mother,M-F,0
150,,,2005759000001,2005759000002,1,1,4,1,0,0,0,0,0,0,0,0,1,20057590,0.9,mother,child,M-C,4
151,,,2003492900001,2003492900002,1,1,4,1,0,0,0,0,0,0,0,0,1,20034929,0.9,father,child,F-C,4
152,,,489733800003,489733800004,0,1,5,1,0,0,0,0,0,0,0,0,1,4897338,0.5,child,child,siblings,7
153,,,20085821,2008582100003,1,1,4,1,0,0,0,0,0,0,0,0,1,20085821,0.9,father,child,F-C,4
154,,,2005706200003,2005706200002,1,1,5,1,0,0,0,0,0,0,0,0,1,20057062,1,child,child,siblings,0
155,,,2003742300003,2003742300002,1,1,5,1,0,0,0,0,0,0,0,0,1,20037423,1,child,child,siblings,0
156,,,2005604200001,2005604200004,1,1,4,1,0,0,0,0,0,0,0,0,1,20056042,0.9,father,child,F-C,4
157,,,3018545600004,3018545600001,0,1,5,1,0,0,0,0,0,0,0,0,1,30185456,0.5,child,mother,M-C,7
158,,,2005971600001,20059716,1,1,5,1,0,0,0,0,1,0,0,0,1,20059716,1,mother,father,M-F,2
159,,,25523000001,25523000003,1,1,4,1,0,0,0,0,0,0,0,0,1,255230,0.9,mother,child,M-C,4
160,,,2005706200001,2005706200003,1,1,5,1,1,0,0,0,1,0,0,0,1,20057062,1,father,child,F-C,7
161,,,2003634000001,2003634000005,1,1,5,1,0,0,0,0,0,0,0,0,1,20036340,1,father,child,F-C,0
162,,,2005957000001,2005957000002,1,5,1,1,0,0,0,0,0,0,0,0,1,20059570,0.6,mother,child,M-C,1
163,,,2005611700004,20056117,1,1,5,1,0,0,0,0,0,0,1,0,1,20056117,1,child,father,F-C,6
164,,,20034486,2003448600002,1,1,1,0,1,0,0,0,0,0,0,0,1,20034486,0.6,mother,child,M-C,7
165,,,9447989,944798900001,1,1,5,1,0,0,0,0,0,0,0,0,1,9447989,1,father,mother,M-F,0
166,,,287468900002,287468900003,1,1,5,1,0,1,0,0,0,0,0,0,1,2874689,1,father,child,F-C,3
167,,,2006882500002,2006882500003,1,1,5,1,0,0,0,1,0,0,1,0,1,20068825,1,child,child,siblings,6
168,,,61477600001,61477600003,1,1,4,1,0,0,0,0,0,0,0,0,1,614776,0.9,mother,child,M-C,4
169,,,20067000,2006700000001,1,1,4,1,0,0,0,0,0,0,0,0,1,20067000,0.9,father,mother,M-F,4
170,,,382500002,382500001,1,1,5,1,0,0,0,0,0,0,0,0,1,3825,1,child,father,F-C,0
171,,,534780500004,5347805,1,1,5,1,0,0,0,0,0,0,0,0,1,5347805,1,child,father,F-C,0
172,,,9571866,957186600001,1,1,5,1,0,0,0,0,0,0,0,0,1,9571866,1,mother,father,M-F,0
173,,,2005940000001,20059400,1,1,5,1,0,0,0,0,0,0,0,0,1,20059400,1,mother,father,M-F,0
174,,,20067864,2006786400003,1,1,5,1,0,0,0,0,0,0,0,0,1,20067864,1,father,child,F-C,0
175,,,20070116,2007011600001,1,1,4,1,0,0,0,0,0,0,0,0,1,20070116,0.9,mother,father,M-F,4
176,,,25523000001,255230,1,1,5,1,0,0,0,0,0,0,0,0,1,255230,1,mother,father,M-F,0
177,,,21362500001,213625,1,1,0,1,0,0,0,0,0,0,0,0,1,213625,0,father,mother,M-F,5
178,,,2003587700004,20035877,1,1,5,1,0,0,0,0,0,0,0,0,1,20035877,1,child,mother,M-C,0
179,,,487509,48750900002,1,1,5,1,0,0,0,0,0,0,0,0,1,487509,1,father,child,F-C,0
180,,,31875200001,31875200003,1,0,0,1,0,0,0,0,0,0,0,0,1,318752,0,father,child,F-C,5
181,,,20062605,2006260500003,1,1,5,1,0,0,0,0,0,0,0,0,1,20062605,1,father,child,F-C,0
182,,,20035528,2003552800002,1,1,5,1,0,0,0,0,0,0,0,0,1,20035528,1,mother,child,M-C,0
183,,,145417200003,1454172,1,1,5,1,0,0,0,0,0,0,0,0,1,1454172,1,child,father,F-C,0
184,,,2008582100003,20085821,1,1,4,1,0,0,0,0,0,0,0,0,1,20085821,0.9,child,father,F-C,4
185,,,13580700001,135807,0,1,4,1,0,0,0,0,0,0,0,0,1,135807,0.4,mother,father,M-F,7
186,,,856990800001,856990800003,1,1,5,1,0,0,0,0,0,0,0,0,1,8569908,1,father,child,F-C,0
187,,,2008695400004,20086954,1,1,5,1,0,0,0,0,0,0,1,0,1,20086954,1,child,father,F-C,6
188,,,632399100004,632399100001,1,1,5,1,0,0,0,0,0,0,0,0,1,6323991,1,child,father,F-C,0
189,,,2005607300001,20056073,1,1,5,1,0,0,0,0,0,0,0,0,1,20056073,1,father,mother,M-F,0
190,,,10002760,1000276000003,1,5,1,1,0,0,0,0,0,0,0,0,1,10002760,0.6,father,child,F-C,1
191,,,2008926300002,2008926300001,1,1,5,1,0,0,0,0,0,0,0,0,1,20089263,1,child,father,F-C,0
192,,,2005620800002,2005620800003,1,1,5,1,0,0,0,0,1,0,1,0,1,20056208,1,child,child,siblings,2
193,,,2006152300001,20061523,1,1,4,1,0,0,0,0,0,0,0,0,1,20061523,0.9,mother,father,M-F,4
194,,,2006606700002,2006606700001,1,1,5,1,0,0,0,0,0,0,0,0,1,20066067,1,child,mother,M-C,0
195,,,856990800002,8569908,1,1,4,1,0,0,0,0,0,0,0,0,1,8569908,0.9,child,mother,M-C,4
196,,,25523000003,25523000005,1,1,4,1,0,0,0,0,0,0,0,0,1,255230,0.9,child,child,siblings,4
197,,,2005661600005,2005661600003,1,1,5,1,0,0,0,0,0,0,0,0,1,20056616,1,child,child,siblings,0
198,,,2006097900005,2006097900004,1,1,5,1,0,0,0,0,0,0,0,0,1,20060979,1,child,child,siblings,0
199,,,20035966,2003596600002,1,1,4,1,0,0,0,0,0,0,0,0,1,20035966,0.9,mother,child,M-C,4
200,,,2003361400001,20033614,1,1,5,1,0,0,0,0,1,0,0,0,1,20033614,1,mother,father,M-F,2
201,,,20089990,2008999000003,1,3,3,1,0,0,0,0,0,0,0,0,1,20089990,0.8,father,child,F-C,1
202,,,546156500001,546156500003,1,1,5,1,0,0,0,1,1,0,0,0,1,5461565,1,father,child,F-C,2
203,,,20063275,2006327500001,1,1,5,1,0,0,0,0,0,0,0,0,1,20063275,1,mother,father,M-F,0
204,,,2006817300001,2006817300003,1,1,5,1,0,0,0,0,0,0,0,0,1,20068173,1,father,child,F-C,0
205,,,2006311600004,2006311600001,1,1,4,1,0,0,0,0,0,0,0,0,1,20063116,0.9,child,mother,M-C,4
206,,,2006563600005,2006563600002,0,1,4,1,0,0,0,0,0,0,0,0,1,20065636,0.4,child,child,siblings,7
207,,,1000276000003,10002760,1,1,5,1,0,0,0,0,0,0,0,0,1,10002760,1,child,father,F-C,0
208,,,2005944300001,2005944300002,1,1,5,1,0,1,0,1,1,0,0,0,1,20059443,1,father,child,F-C,3
209,,,2003361400001,2003361400002,1,1,5,1,0,0,0,1,1,0,0,0,1,20033614,1,mother,child,M-C,2
210,,,61477600001,614776,1,1,5,1,0,0,0,0,0,0,0,0,1,614776,1,mother,father,M-F,0
211,,,20062397,2006239700002,1,1,5,1,0,0,0,0,0,0,0,0,1,20062397,1,mother,child,M-C,0
212,,,20062442,2006244200001,1,1,5,1,0,0,0,0,0,0,0,0,1,20062442,1,mother,father,M-F,0
213,,,2003742300004,2003742300002,1,1,5,1,0,0,0,0,0,0,0,0,1,20037423,1,child,child,siblings,0
214,,,20087888,2008788800001,1,1,5,1,0,0,0,0,1,0,1,0,1,20087888,1,father,mother,M-F,2
215,,,2003448600003,2003448600002,1,1,4,1,0,0,0,0,0,0,0,0,1,20034486,0.9,child,child,siblings,4
216,,,200566160002,2005661600001,1,1,5,1,0,0,0,0,0,0,0,0,1,20056616,1,child,mother,M-C,0
217,,,48750900001,48750900002,1,1,5,1,0,0,0,0,0,0,0,0,1,487509,1,mother,child,M-C,0
218,,,479300002,4793,0,1,5,1,0,0,0,0,0,0,0,0,1,4793,0.5,child,mother,M-C,7
219,,,20056197,2005619700003,1,1,4,1,0,0,0,0,0,0,0,0,1,20056197,0.9,mother,child,M-C,4
220,,,2003784400002,2003784400003,1,1,5,1,0,1,0,1,0,1,0,0,1,20037844,1,child,child,siblings,3
221,,,2003637200003,2003637200001,1,1,5,0,0,0,0,0,0,0,1,0,1,20036372,1,child,father,F-C,6
222,,,20035169,2003516900001,1,1,5,1,0,0,0,0,0,0,0,0,1,20035169,1,father,mother,M-F,0
223,,,2003336700003,2003336700002,1,1,5,1,0,0,0,0,0,0,0,0,1,20033367,1,child,child,siblings,0
224,,,2003335400003,2003335400001,1,1,4,1,0,0,0,0,0,0,0,0,1,20033354,0.9,child,father,F-C,4
225,,,239818000001,239818000003,1,1,5,1,0,0,0,0,0,0,0,0,1,2398180,1,father,child,F-C,0
226,,,2008415000002,2008415000001,1,1,4,1,0,0,0,0,0,0,0,0,1,20084150,0.9,child,mother,M-C,4
227,,,484500001,484500002,1,1,5,1,0,0,0,0,0,0,0,0,1,4845,1,mother,child,M-C,0
228,,,2005661600001,2005661600004,1,1,4,1,0,0,0,0,0,0,0,0,1,20056616,0.9,mother,child,M-C,4
229,,,751825,75182500001,1,1,5,1,0,0,0,1,1,0,0,0,1,751825,1,mother,father,M-F,2
230,,,200566160002,2005661600003,1,1,5,1,0,0,0,0,0,0,0,0,1,20056616,1,child,child,siblings,0
231,,,2003348800003,20033488,1,1,4,1,0,0,0,0,0,0,0,0,1,20033488,0.9,child,father,F-C,4
232,,,2006563600002,2006563600004,0,1,4,1,0,0,0,0,0,0,0,0,1,20065636,0.4,child,child,siblings,7
233,,,2006229700003,20062297,1,1,5,1,0,0,0,0,0,0,0,0,1,20062297,1,child,father,F-C,0
234,,,8210421,821042100002,1,1,5,1,0,1,0,0,0,0,0,0,1,8210421,1,father,child,F-C,3
235,,,20061523,2006152300002,1,1,5,1,0,0,0,0,0,0,0,0,1,20061523,1,father,child,F-C,0
236,,,10002760,1000276000002,1,1,5,1,0,0,0,0,0,0,0,0,1,10002760,1,father,child,F-C,0
237,,,2005680000001,2005680000003,1,1,0,1,0,0,0,0,0,0,0,0,1,20056800,0,father,child,F-C,5
238,,,27404600003,27404600001,1,1,4,1,0,0,0,0,0,0,0,0,1,274046,0.9,child,mother,M-C,4
239,,,2006960800001,2006960800003,1,1,4,1,0,0,0,0,0,0,0,0,1,20069608,0.9,mother,child,M-C,4
240,,,965486900001,965486900006,1,1,5,1,0,0,0,0,0,0,0,0,1,9654869,1,mother,child,M-C,0
241,,,489733800002,489733800004,0,1,5,1,0,0,0,0,0,0,0,0,1,4897338,0.5,child,child,siblings,7
242,,,2005826800002,2005826800003,1,1,5,1,0,0,0,1,0,0,1,0,1,20058268,1,child,child,siblings,6
243,,,2003345100003,2003345100001,1,1,5,1,0,1,0,0,0,0,0,0,1,20033451,1,child,father,F-C,3
244,,,2005643500002,2005643500003,1,1,5,1,0,0,0,0,0,0,0,0,1,20056435,1,child,child,siblings,0
245,,,2005879000001,2005879000002,1,1,5,1,0,0,0,0,0,0,0,0,1,20058790,1,mother,child,M-C,0
246,,,20056009,2005600900003,1,1,5,1,0,0,0,0,0,0,0,0,1,20056009,1,father,child,F-C,0
247,,,200566160002,20056616,1,1,5,1,0,0,0,0,0,0,0,0,1,20056616,1,child,father,F-C,0
248,,,2003361400002,2003361400004,1,1,5,1,0,0,0,1,1,0,0,0,1,20033614,1,child,child,siblings,2
249,,,2006260500001,2006260500002,1,1,5,1,0,0,0,0,0,0,0,0,1,20062605,1,mother,child,M-C,0
250,,,145417200003,145417200002,0,1,3,1,0,0,0,0,0,0,0,0,1,1454172,0.3,child,child,siblings,7
251,,,2006123600002,20061236,1,5,1,1,0,0,0,0,0,0,0,0,1,20061236,0.6,child,father,F-C,1
252,,,467867000001,4678670,1,1,5,1,0,0,0,0,0,0,0,0,1,4678670,1,mother,father,M-F,0
253,,,821042100001,821042100004,1,1,4,1,0,0,0,0,0,0,0,0,1,8210421,0.9,mother,child,M-C,4
254,,,2007004400001,2007004400003,1,1,5,1,0,0,0,0,0,0,0,0,1,20070044,1,father,child,F-C,0
255,,,20062128,2006212800003,1,1,4,1,0,0,0,0,0,0,0,0,1,20062128,0.9,father,child,F-C,4
256,,,723543,72354300001,1,1,5,1,0,0,0,0,0,0,0,0,1,723543,1,father,mother,M-F,0
257,,,2006405900003,2006405900002,1,1,4,1,0,1,0,0,0,0,1,0,1,20064059,0.9,child,child,siblings,3
258,,,18014700002,180147,1,1,4,1,0,0,0,0,0,0,0,0,1,180147,0.9,child,father,F-C,4
259,,,143220600002,143220600003,1,1,5,1,0,0,0,1,0,0,1,0,1,1432206,1,child,child,siblings,6
260,,,13580700001,13580700002,0,1,4,1,0,0,0,0,0,0,0,0,1,135807,0.4,mother,child,M-C,7
261,,,2003587700001,20035877,1,1,5,1,0,0,0,0,0,0,0,0,1,20035877,1,father,mother,M-F,0
262,,,2008967600001,2008967600003,1,1,4,1,0,0,0,0,0,0,0,0,1,20089676,0.9,mother,child,M-C,4
263,,,2008415000001,20084150,1,1,4,1,0,0,0,0,0,0,0,0,1,20084150,0.9,mother,father,M-F,4
264,,,20068540,2006854000003,1,1,5,1,0,0,0,0,0,0,0,0,1,20068540,1,mother,child,M-C,0
265,,,20071116,2007111600002,1,1,5,1,0,0,0,0,0,0,0,0,1,20071116,1,father,child,F-C,0
266,,,93279200003,93279200001,1,1,5,1,0,0,0,0,0,0,0,0,1,932792,1,child,father,F-C,0
267,,,20058305,2005830500002,1,1,4,1,0,0,0,1,0,0,1,0,1,20058305,0.9,mother,child,M-C,6
268,,,20070554,2007055400001,1,1,5,1,0,0,0,0,0,0,0,0,1,20070554,1,mother,father,M-F,0
269,,,2007111600001,20071116,1,1,5,1,0,0,0,0,0,0,0,0,1,20071116,1,mother,father,M-F,0
270,,,2008645500002,2008645500003,1,1,5,1,0,0,0,1,0,0,0,0,1,20086455,1,child,child,siblings,6
271,,,2005854300002,2005854300003,1,1,5,1,0,0,0,0,0,0,0,0,1,20058543,1,child,child,siblings,0
272,,,239818000002,2398180,1,1,4,1,0,0,0,0,0,0,0,0,1,2398180,0.9,child,mother,M-C,4
273,,,614197900002,614197900004,1,1,5,1,0,0,1,1,0,0,0,0,1,6141979,1,child,child,siblings,4
274,,,2008949600001,2008949600003,1,1,4,1,0,0,0,0,0,0,0,0,1,20089496,0.9,mother,child,M-C,4
275,,,2009163500002,2009163500003,1,1,4,1,0,0,0,0,0,0,0,0,1,20091635,0.9,child,child,siblings,4
276,,,27279100001,272791,1,1,0,1,0,0,0,0,0,0,0,0,1,272791,0,mother,father,M-F,5
277,,,225566900003,2255669,1,1,5,1,0,0,0,0,0,0,0,0,1,2255669,1,child,father,F-C,0
278,,,758393500002,7583935,1,1,5,1,0,0,0,0,0,0,0,0,1,7583935,1,child,father,F-C,0
279,,,654020900003,654020900002,1,1,5,1,0,0,0,0,0,0,0,0,1,6540209,1,child,child,siblings,0
280,,,20067000,2006700000002,1,1,5,1,0,0,0,0,0,0,0,0,1,20067000,1,father,child,F-C,0
281,,,2005646600003,2005646600001,1,1,4,1,0,0,0,0,0,0,0,0,1,20056466,0.9,child,mother,M-C,4
282,,,2008582100002,2008582100003,1,1,5,1,0,0,0,0,0,0,0,0,1,20085821,1,child,child,siblings,0
283,,,5559980,555998000001,1,1,5,1,0,0,0,0,0,0,0,0,1,5559980,1,mother,father,M-F,0
284,,,20058305,2005830500001,1,1,5,1,0,0,0,1,0,0,1,0,1,20058305,1,mother,father,M-F,6
285,,,20063671,2006367100001,1,1,2,1,0,0,0,0,1,0,1,0,1,20063671,0.7,father,mother,M-F,2
286,,,935264200001,935264200002,1,1,5,1,0,0,0,0,0,0,0,0,1,9352642,1,mother,child,M-C,0
287,,,2007055400002,2007055400001,0,1,5,1,0,0,0,0,0,0,0,0,1,20070554,0,child,father,F-C,1
288,,,2005661600005,2005661600004,1,1,5,1,0,0,0,0,0,0,0,0,1,20056616,1,child,child,siblings,0
289,,,2008695400004,2008695400005,1,1,5,1,0,0,0,0,0,0,1,0,1,20086954,1,child,child,siblings,6
290,,,22175800001,221758,1,1,2,1,0,0,0,0,0,0,0,0,1,221758,0.7,mother,father,M-F,7
291,,,2003378300001,20033783,1,1,5,1,0,0,0,0,0,0,0,0,1,20033783,1,mother,father,M-F,0
292,,,2003349200001,2003349200002,1,1,5,1,0,0,0,1,1,0,0,0,1,20033492,1,father,child,F-C,2
293,,,892028,89202800002,1,1,5,1,0,0,0,0,0,0,0,0,1,892028,1,father,child,F-C,0
294,,,180147,18014700001,1,1,0,1,0,0,0,0,0,0,0,0,1,180147,0,father,mother,M-F,5
295,,,6323991,632399100001,1,1,5,1,0,0,0,0,0,0,0,0,1,6323991,1,mother,father,M-F,0
296,,,9935357,993535700002,1,1,5,1,0,0,0,0,0,0,0,0,1,9935357,1,father,child,F-C,0
297,,,2009014400002,2009014400004,1,5,1,1,0,0,0,0,0,0,0,0,1,20090144,0.6,child,child,siblings,1
298,,,2003552000003,2003552000002,0,1,4,1,0,0,0,0,0,0,0,0,1,20035520,0.4,child,child,siblings,7
299,,,2006490200003,2006490200002,0,1,5,1,0,0,0,1,0,0,0,0,1,20064902,0.5,child,child,siblings,7
300,,,2005957000002,2005957000001,1,1,5,1,0,0,0,0,0,0,0,0,1,20059570,1,child,mother,M-C,0
301,,,2007111400001,2007111400002,1,1,5,1,0,0,0,1,1,0,1,0,1,20071114,1,father,child,F-C,2
302,,,20090144,2009014400003,1,1,5,1,0,0,0,1,0,0,0,0,1,20090144,1,father,child,F-C,6
303,,,632399100004,6323991,1,1,5,1,0,0,0,0,0,0,0,0,1,6323991,1,child,mother,M-C,0
304,,,293473,29347300002,1,1,4,1,0,0,0,0,0,0,0,0,1,293473,0.9,father,child,F-C,4
305,,,2003581800003,20035818,1,1,5,1,0,0,0,0,0,0,0,0,1,20035818,1,child,mother,M-C,0
306,,,9447989,944798900002,1,1,5,1,0,0,0,0,0,0,0,0,1,9447989,1,father,child,F-C,0
307,,,2005810900003,2005810900002,0,1,5,1,0,0,0,0,0,0,0,0,1,20058109,0.5,child,child,siblings,7
308,,,2006015900002,2006015900001,1,1,3,1,0,0,0,0,0,0,0,0,1,20060159,0.8,child,mother,M-C,7
309,,,20037844,2003784400001,1,1,5,1,0,0,0,1,0,0,1,0,1,20037844,1,mother,father,M-F,6
310,,,20064084,2006408400002,1,1,5,1,0,0,0,1,0,0,0,0,1,20064084,1,father,child,F-C,6
311,,,2003587700003,2003587700001,1,1,5,1,0,0,0,0,0,0,0,0,1,20035877,1,child,father,F-C,0
312,,,160282300002,160282300003,1,1,5,1,0,0,0,0,0,0,0,0,1,1602823,1,child,child,siblings,0
313,,,243948000001,2439480,0,1,5,1,0,0,0,0,0,0,0,0,1,2439480,0.5,mother,father,M-F,7
314,,,484500001,4845,1,1,5,1,0,0,0,0,0,0,0,0,1,4845,1,mother,father,M-F,0
315,,,2003552000003,20035520,1,5,5,1,0,0,0,0,0,0,0,0,1,20035520,1,child,father,F-C,1
316,,,2003743000002,20037430,1,1,5,1,0,0,0,0,0,0,0,0,1,20037430,1,child,father,F-C,0
317,,,2006110200002,2006110200001,0,1,5,1,0,0,0,0,0,0,0,0,1,20061102,0.5,child,mother,M-C,7
318,,,20034486,2003448600001,1,1,5,1,0,0,0,0,0,0,0,0,1,20034486,1,mother,father,M-F,0
319,,,20062120,2006212000003,1,1,5,1,0,0,0,0,1,0,1,0,1,20062120,1,mother,child,M-C,2
320,,,368626100001,368626100002,1,1,5,1,0,0,0,0,0,0,0,0,1,3686261,1,mother,child,M-C,0
321,,,2005646600001,2005646600002,1,1,5,1,0,0,0,1,0,0,1,0,1,20056466,1,mother,child,M-C,6
322,,,2003361400002,20033614,1,1,4,1,0,0,0,0,1,0,0,0,1,20033614,0.9,child,father,F-C,2
323,,,2006927900003,2006927900001,1,1,4,1,0,0,0,0,0,0,0,0,1,20069279,0.9,child,mother,M-C,4
324,,,2005751600003,2005751600001,1,1,5,1,0,0,0,0,0,0,0,0,1,20057516,1,child,mother,M-C,0
325,,,232572900003,232572900002,1,1,3,1,0,0,0,0,0,0,0,0,1,2325729,0.8,child,child,siblings,7
326,,,20059874,2005987400003,1,1,5,1,0,0,0,1,0,0,1,0,1,20059874,1,father,child,F-C,6
327,,,2003349200002,2003349200004,1,1,3,1,0,0,0,0,0,0,0,0,1,20033492,0.8,child,child,siblings,7
328,,,2006262100001,20062621,1,1,4,1,0,0,0,0,0,0,0,0,1,20062621,0.9,father,mother,M-F,4
329,,,20056422,2005642200002,1,1,5,1,0,0,0,0,0,0,0,0,1,20056422,1,father,child,F-C,0
330,,,840070500002,840070500001,1,1,5,1,0,0,0,0,0,0,0,0,1,8400705,1,mother,father,M-F,0
331,,,2009140200001,2009140200002,1,1,4,1,0,0,0,0,0,0,0,0,1,20091402,0.9,mother,child,M-C,4
332,,,2005965100004,2005965100001,1,1,5,1,0,0,0,0,0,0,0,0,1,20059651,1,child,father,F-C,0
333,,,2006643000001,2006643000003,1,1,0,1,0,0,0,0,0,0,0,0,1,20066430,0,mother,child,M-C,5
334,,,2006563600003,2006563600002,0,1,3,1,0,0,0,0,0,0,0,0,1,20065636,0.3,child,child,siblings,7
335,,,142164600004,142164600005,1,1,5,1,0,0,0,0,0,0,0,0,1,1421646,1,child,child,siblings,0
336,,,1000209000001,10002090,1,1,5,1,0,0,0,0,0,0,0,0,1,10002090,1,father,mother,M-F,0
337,,,524541900003,524541900001,1,1,4,1,0,0,0,0,0,0,0,0,1,5245419,0.9,child,mother,M-C,4
338,,,2008709900003,2008709900004,0,1,5,1,0,0,0,0,0,0,0,0,1,20087099,0.5,child,child,siblings,7
339,,,2005826800001,2005826800002,1,1,5,1,0,0,0,1,1,0,1,0,1,20058268,1,mother,child,M-C,2
340,,,2008695400001,2008695400005,1,1,4,1,0,0,0,0,0,0,0,0,1,20086954,0.9,mother,child,M-C,4
341,,,20747500002,20747500001,1,1,5,1,0,0,0,0,0,0,0,0,1,207475,1,mother,father,M-F,0
342,,,2009245800001,2009245800004,1,1,4,1,0,0,0,0,0,0,0,0,1,20092458,0.9,mother,child,M-C,4
343,,,2005917200002,20059172,1,5,1,1,0,0,0,0,0,0,0,0,1,20059172,0.6,child,father,F-C,1
344,,,2003357100003,2003357100002,0,1,4,0,0,0,0,0,0,0,0,1,1,20033571,0,child,child,siblings,4
345,,,2006311600002,20063116,0,2,2,1,0,0,0,0,0,0,0,0,1,20063116,0.2,child,father,F-C,7
346,,,68060600002,68060600001,1,1,5,1,0,0,0,0,0,0,0,0,1,680606,1,child,father,F-C,0
347,,,2005800100002,2005800100001,1,1,5,1,0,0,0,0,0,0,0,0,1,20058001,1,child,father,F-C,0
348,,,2005701500003,2005701500004,1,1,5,1,0,0,0,1,0,1,0,0,1,20057015,1,child,child,siblings,8
349,,,9447989,944798900003,1,1,5,1,0,0,0,0,0,0,0,0,1,9447989,1,father,child,F-C,0
350,,,2005604200001,20056042,1,1,5,1,0,0,0,0,0,0,0,0,1,20056042,1,father,mother,M-F,0
351,,,2005639900001,20056399,1,1,5,1,0,0,0,0,0,0,0,0,1,20056399,1,father,mother,M-F,0
352,,,382500001,3825,1,1,5,1,0,0,0,0,0,0,0,0,1,3825,1,father,mother,M-F,0
353,,,2008415000005,2008415000001,1,1,4,1,0,0,0,0,0,0,0,0,1,20084150,0.9,child,mother,M-C,4
354,,,2003346300004,2003346300002,1,1,4,1,0,0,0,0,0,0,0,0,1,20033463,0.9,child,child,siblings,4
355,,,479300002,479300003,0,1,5,1,0,0,0,0,0,0,0,0,1,4793,0.5,child,child,siblings,7
356,,,2007179500003,2007179500004,1,1,5,1,0,0,0,1,0,0,1,0,1,20071795,1,child,child,siblings,6
357,,,20037559,2003755900003,1,1,5,1,0,0,0,0,0,0,0,0,1,20037559,1,mother,child,M-C,0
358,,,614197900001,614197900004,1,1,5,1,0,0,0,1,0,0,0,0,1,6141979,1,mother,child,M-C,6
359,,,2006700000001,20067000,1,1,4,1,0,0,0,0,0,0,0,0,1,20067000,0.9,mother,father,M-F,4
360,,,2006408400001,20064084,1,1,5,1,0,1,1,1,0,0,0,0,1,20064084,1,child,father,F-C,4
361,,,2006341300003,2006341300004,1,1,4,1,0,0,0,0,0,0,0,0,1,20063413,0.9,child,child,siblings,4
362,,,2003451400003,20034514,1,1,5,1,0,0,0,0,0,1,0,0,1,20034514,1,child,mother,M-C,8
363,,,61477600001,61477600002,0,1,4,1,0,0,0,0,0,0,0,0,1,614776,0.4,mother,child,M-C,7
364,,,30185749,3018574900001,1,1,5,1,0,0,0,1,1,0,0,0,1,30185749,1,mother,father,M-F,2
365,,,2005751600002,2005751600001,0,1,4,1,0,0,0,0,0,0,0,0,1,20057516,0.4,child,mother,M-C,7
366,,,27279100001,27279100002,1,2,5,1,0,0,0,0,0,0,0,0,1,272791,1,mother,child,M-C,1
367,,,2005750500004,2005750500003,1,1,5,1,0,0,0,0,0,0,0,0,1,20057505,1,child,child,siblings,0
368,,,3018545600001,3018545600004,1,1,2,1,0,0,0,0,0,0,0,0,1,30185456,0.7,mother,child,M-C,7
369,,,2008415000002,20084150,1,1,4,1,0,0,0,0,0,0,0,0,1,20084150,0.9,child,father,F-C,4
370,,,2006493800001,20064938,0,1,3,1,0,0,0,0,0,0,0,0,1,20064938,0.3,mother,father,M-F,7
371,,,2005778800001,20057788,1,1,5,0,0,0,0,0,1,0,0,0,1,20057788,1,mother,father,M-F,6
372,,,2006327500002,2006327500003,1,1,5,1,0,0,0,0,0,0,0,0,1,20063275,1,child,child,siblings,0
373,,,20064505,2006450500002,1,1,5,1,0,0,0,1,1,0,0,0,1,20064505,1,father,child,F-C,2
374,,,2005600900002,2005600900004,1,1,5,1,0,0,0,0,0,0,0,0,1,20056009,1,child,child,siblings,0
375,,,2008949600003,2008949600001,1,1,4,1,0,0,0,0,0,0,0,0,1,20089496,0.9,child,mother,M-C,4
376,,,2005751600004,20057516,1,1,5,1,0,0,0,0,0,0,0,0,1,20057516,1,child,father,F-C,0
377,,,2008695400005,2008695400004,1,1,5,1,0,0,0,0,0,0,1,0,1,20086954,1,child,child,siblings,6
378,,,2005661600003,2005661600001,1,1,5,1,0,0,0,0,0,0,0,0,1,20056616,1,child,mother,M-C,0
379,,,2006171000003,2006171000002,1,1,5,1,0,0,0,0,0,0,0,0,1,20061710,1,child,child,siblings,0
380,,,2003743000003,2003743000002,1,1,5,1,0,0,0,1,0,1,0,0,1,20037430,1,child,child,siblings,8
381,,,2003501700002,20035017,1,1,5,1,0,0,0,0,0,0,0,0,1,20035017,1,child,father,F-C,0
382,,,20066423,2006642300001,0,1,0,1,0,0,0,0,0,0,0,0,1,20066423,0,father,mother,M-F,7
383,,,2005793300001,2005793300003,1,1,4,1,0,0,0,0,0,0,0,0,1,20057933,0.9,mother,child,M-C,4
384,,,2005681400004,20056814,1,1,5,1,0,0,0,0,0,0,0,0,1,20056814,1,child,father,F-C,0
385,,,2003581800002,20035818,1,1,5,1,0,0,0,1,0,1,1,0,1,20035818,1,child,mother,M-C,8
386,,,2006023500003,20060235,1,1,5,1,0,0,0,0,0,0,0,0,1,20060235,1,child,father,F-C,0
387,,,2003587700002,20035877,1,1,5,1,0,0,0,0,0,0,0,0,1,20035877,1,child,mother,M-C,0
388,,,20060489,2006048900001,1,1,5,1,0,0,0,0,0,0,0,0,1,20060489,1,father,mother,M-F,0
389,,,2007273700002,20072737,1,1,4,1,0,0,0,0,0,0,0,0,1,20072737,0.9,child,father,F-C,4
390,,,8569908,856990800003,1,1,5,1,0,0,0,0,0,0,0,0,1,8569908,1,mother,child,M-C,0
391,,,2003760200002,2003760200001,1,1,5,1,0,0,0,0,0,0,0,0,1,20037602,1,child,mother,M-C,0
392,,,20037957,2003795700001,1,1,5,1,0,0,0,0,0,0,0,0,1,20037957,1,father,child,F-C,0
393,,,27279100002,272791,0,2,4,1,0,0,0,0,0,0,0,0,1,272791,0,child,father,F-C,1
394,,,20035383,2003538300001,1,1,5,1,0,0,0,0,0,0,0,0,1,20035383,1,mother,father,M-F,0
395,,,2006606700003,2006606700004,1,1,4,1,0,0,0,0,0,0,0,0,1,20066067,0.9,child,child,siblings,4
396,,,2005854300001,2005854300004,1,1,5,1,0,0,0,0,0,0,0,0,1,20058543,1,mother,child,M-C,0
397,,,20085821,2008582100002,1,1,4,1,0,0,0,0,0,0,0,0,1,20085821,0.9,father,child,F-C,4
398,,,2007375400005,2007375400002,1,1,5,1,0,0,0,1,0,0,1,0,1,20073754,1,child,child,siblings,6
399,,,12053700002,12053700003,1,1,5,1,0,0,0,0,0,0,0,0,1,120537,1,child,child,siblings,0
400,,,1000276000002,1000276000003,1,1,5,1,0,0,0,0,0,0,0,0,1,10002760,1,child,child,siblings,0
401,,,2007004400003,2007004400001,1,1,5,1,0,0,0,0,0,0,0,0,1,20070044,1,child,father,F-C,0
402,,,2005626500002,2005626500001,1,1,5,1,0,0,0,0,0,0,1,0,1,20056265,1,child,father,F-C,6
403,,,2003451400003,2003451400002,1,1,5,1,0,0,0,0,0,1,0,0,1,20034514,1,child,child,siblings,8
404,,,632399100004,632399100003,1,1,5,1,0,0,0,0,0,0,0,0,1,6323991,1,child,child,siblings,0
405,,,20062567,2006256700001,1,1,5,0,0,0,0,1,0,0,0,0,1,20062567,1,mother,father,M-F,6
406,,,2005691400001,2005691400002,1,1,5,1,0,0,0,0,1,0,1,0,1,20056914,1,father,child,F-C,2
407,,,72687100002,726871,1,1,5,1,0,0,0,1,0,1,0,0,1,726871,1,child,father,F-C,8
408,,,2003587700002,2003587700001,1,1,5,1,0,0,0,0,0,0,0,0,1,20035877,1,child,father,F-C,0
409,,,31875200001,318752,1,0,0,1,0,0,0,0,0,0,0,0,1,318752,0,father,mother,M-F,5
410,,,2007375400005,2007375400004,1,1,5,1,0,0,0,1,0,0,1,0,1,20073754,1,child,child,siblings,6
411,,,2005797600001,20057976,1,1,5,1,0,0,0,0,0,0,0,0,1,20057976,1,mother,father,M-F,0
412,,,2439480,243948000002,1,1,5,1,0,0,0,0,0,0,0,0,1,2439480,1,father,child,F-C,0
413,,,2003596600002,2003596600001,1,5,1,1,0,0,0,0,0,0,0,0,1,20035966,0.6,child,father,F-C,1
414,,,2005793300004,2005793300003,0,1,5,1,0,0,0,0,0,0,0,0,1,20057933,0.5,child,child,siblings,7
415,,,20090121,2009012100002,1,1,5,1,0,0,0,1,0,0,0,0,1,20090121,1,father,child,F-C,6
416,,,2003742300003,20037423,0,1,5,1,0,0,0,0,0,0,0,0,1,20037423,0.5,child,mother,M-C,7
417,,,2003378300002,2003378300001,1,1,4,1,0,1,0,1,0,0,0,0,1,20033783,0.9,child,mother,M-C,3
418,,,2008582100002,20085821,1,1,4,1,0,0,0,0,0,0,0,0,1,20085821,0.9,child,father,F-C,4
419,,,1454172,145417200001,1,1,5,1,0,0,0,0,0,0,0,0,1,1454172,1,father,mother,M-F,0
420,,,632399100001,632399100003,1,1,5,1,0,0,0,0,0,0,0,0,1,6323991,1,father,child,F-C,0
421,,,489733800004,4897338,1,1,5,1,0,0,0,0,0,0,0,0,1,4897338,1,child,father,F-C,0
422,,,2006841000002,2006841000003,1,1,5,1,0,0,0,1,0,0,1,0,1,20068410,1,child,child,siblings,6
423,,,2007179500001,2007179500002,1,1,5,1,0,0,0,1,1,0,0,0,1,20071795,1,mother,child,M-C,2
424,,,20034297,2003429700001,1,1,5,1,0,0,0,0,0,0,0,0,1,20034297,1,mother,father,M-F,0
425,,,20033614,2003361400002,1,1,4,1,0,0,0,0,0,0,0,0,1,20033614,0.9,father,child,F-C,4
426,,,2006311600001,2006311600003,0,1,2,1,0,0,0,0,0,0,0,0,1,20063116,0.2,mother,child,M-C,7
427,,,72687100003,726871,1,1,5,1,0,0,0,1,0,1,0,0,1,726871,1,child,father,F-C,8
428,,,2005646600002,20056466,1,1,5,1,0,0,0,1,0,0,1,0,1,20056466,1,child,father,F-C,6
429,,,54339800001,543398,1,1,5,1,0,0,0,1,0,0,0,0,1,543398,1,child,mother,M-C,6
430,,,2005619700001,20056197,1,1,4,1,0,0,0,0,0,0,0,0,1,20056197,0.9,father,mother,M-F,4
431,,,20087099,2008709900001,1,1,5,1,0,0,0,0,0,0,0,0,1,20087099,1,father,mother,M-F,0
432,,,2006376900003,20063769,1,1,5,1,0,0,0,0,0,0,0,0,1,20063769,1,child,father,F-C,0
433,,,2003348800001,2003348800002,1,1,4,1,0,0,0,0,0,0,0,0,1,20033488,0.9,mother,child,M-C,4
434,,,534780500003,5347805,1,1,5,1,0,0,0,0,0,0,0,0,1,5347805,1,child,father,F-C,0
435,,,93279200002,93279200001,1,1,5,1,0,0,0,0,0,0,0,0,1,932792,1,child,father,F-C,0
436,,,2005706200003,2005706200001,1,1,4,1,0,0,0,0,0,0,0,0,1,20057062,0.9,child,father,F-C,4
437,,,20056001,2005600100002,1,1,5,1,0,0,0,0,0,0,0,0,1,20056001,1,mother,child,M-C,0
438,,,2003755900001,20037559,1,1,4,1,0,0,0,0,0,0,0,0,1,20037559,0.9,father,mother,M-F,4
439,,,20057839,2005783900001,1,1,5,1,0,0,0,0,0,0,0,0,1,20057839,1,mother,father,M-F,0
440,,,2005751600002,2005751600003,0,1,4,1,0,0,0,0,0,0,0,0,1,20057516,0.4,child,child,siblings,7
441,,,175921100002,1759211,1,1,5,1,0,0,0,0,0,0,0,0,1,1759211,1,child,father,F-C,0
442,,,2005854300003,2005854300004,1,1,5,1,0,0,0,0,0,0,0,0,1,20058543,1,child,child,siblings,0
443,,,3018545600002,3018545600001,1,1,5,1,0,0,0,0,0,0,0,0,1,30185456,1,child,mother,M-C,0
444,,,2006212000001,2006212000002,1,1,5,1,0,0,0,0,0,0,0,0,1,20062120,1,father,child,F-C,0
445,,,20033783,2003378300002,1,1,5,1,0,0,0,0,0,0,0,0,1,20033783,1,father,child,F-C,0
446,,,935264200003,935264200002,1,1,5,1,0,0,0,0,0,0,0,0,1,9352642,1,child,child,siblings,0
447,,,2006341300004,2006341300002,1,1,4,1,0,0,0,0,0,0,0,0,1,20063413,0.9,child,child,siblings,4
448,,,2007374300002,2007374300004,1,1,5,1,0,0,0,0,0,0,0,0,1,20073743,1,child,child,siblings,0
449,,,2006109700004,2006109700001,1,1,4,1,0,0,0,1,0,0,0,0,1,20061097,0.9,child,mother,M-C,6
450,,,8210421,821042100001,1,1,5,1,0,0,0,0,0,0,0,0,1,8210421,1,father,mother,M-F,0
451,,,2005928200001,2005928200003,1,1,5,1,0,0,0,0,0,0,0,0,1,20059282,1,father,child,F-C,0
452,,,2003783800002,20037838,1,0,0,1,0,0,0,1,0,0,0,0,1,20037838,0,child,father,F-C,5
453,,,30185480,3018548000003,1,1,5,1,0,0,0,0,0,0,0,0,1,30185480,1,father,child,F-C,0
454,,,2003637200002,2003637200001,1,1,5,0,0,0,0,0,0,0,1,0,1,20036372,1,child,father,F-C,6
455,,,2005830500003,20058305,1,0,0,1,0,0,0,0,0,0,0,0,1,20058305,0,child,mother,M-C,5
456,,,2005750500001,2005750500003,1,1,5,1,0,0,0,0,0,0,0,0,1,20057505,1,father,child,F-C,0
457,,,2005987400001,20059874,1,1,5,0,1,0,0,0,0,0,0,0,1,20059874,1,mother,father,M-F,7
458,,,758393500003,758393500004,1,1,5,1,0,0,0,0,0,0,0,0,1,7583935,1,child,child,siblings,0
459,,,27279100003,27279100004,0,1,5,1,0,0,0,0,0,0,0,0,1,272791,0.5,child,child,siblings,7
460,,,654020900002,654020900003,1,1,5,1,0,0,0,1,0,0,0,0,1,6540209,1,child,child,siblings,6
461,,,2006023500002,2006023500001,1,1,5,1,0,0,0,0,0,0,0,0,1,20060235,1,child,mother,M-C,0
462,,,2005830500001,20058305,1,0,0,1,0,0,0,0,0,0,0,0,1,20058305,0,father,mother,M-F,5
463,,,2009140200001,20091402,1,1,5,1,0,0,0,0,0,0,0,0,1,20091402,1,mother,father,M-F,0
464,,,2008724200002,2008724200001,1,1,5,1,0,0,0,0,0,0,0,0,1,20087242,1,child,mother,M-C,0
465,,,93279200001,93279200003,1,1,5,1,0,0,0,0,0,0,0,0,1,932792,1,father,child,F-C,0
466,,,368626100002,368626100001,1,1,5,1,0,0,0,0,0,0,0,0,1,3686261,1,child,mother,M-C,0
467,,,72687100002,72687100001,1,1,5,1,0,0,0,1,0,1,0,0,1,726871,1,child,mother,M-C,8
468,,,2006341300002,2006341300004,1,1,4,1,0,0,0,0,0,0,0,0,1,20063413,0.9,child,child,siblings,4
469,,,2008695400001,20086954,1,1,4,1,0,0,0,0,0,0,0,0,1,20086954,0.9,mother,father,M-F,4
470,,,142164600002,142164600003,1,5,1,1,0,0,0,0,0,0,0,0,1,1421646,0.6,child,child,siblings,1
471,,,2006674700001,2006674700002,1,1,5,1,0,0,0,1,0,0,1,0,1,20066747,1,mother,child,M-C,6
472,,,2007374300004,20073743,1,1,5,1,0,0,0,0,0,0,0,0,1,20073743,1,child,father,F-C,0
473,,,2006202700002,2006202700003,1,1,5,0,0,0,0,0,0,0,0,1,1,20062027,1,child,child,siblings,4
474,,,13580700003,135807,0,1,5,1,0,0,0,0,0,0,0,0,1,135807,0.5,child,father,F-C,7
475,,,2003634000002,2003634000004,1,1,5,1,0,0,0,0,0,0,0,0,1,20036340,1,child,child,siblings,0
476,,,2008999000003,2008999000001,1,1,5,1,0,0,0,0,0,0,0,0,1,20089990,1,child,child,siblings,0
477,,,826955400002,8269554,1,1,5,1,0,0,0,0,0,0,0,0,1,8269554,1,child,father,F-C,0
478,,,2003346700003,20033467,1,1,5,1,0,0,0,1,0,0,1,0,1,20033467,1,child,father,F-C,6
479,,,2003742500003,2003742500001,1,1,5,1,0,0,0,0,0,0,0,0,1,20037425,1,child,father,F-C,0
480,,,2006652300002,2006652300001,0,1,2,1,0,0,0,0,0,0,0,0,1,20066523,0.2,child,child,siblings,7
481,,,2003553200003,2003553200001,0,1,5,0,0,0,1,1,0,0,0,0,1,20035532,0.5,child,father,F-C,4
482,,,27279100004,272791,1,1,5,1,0,0,0,0,0,0,0,0,1,272791,1,child,father,F-C,0
483,,,482513,48251300004,1,1,3,1,0,0,0,0,0,0,0,0,1,482513,0.8,father,child,F-C,7
484,,,2470798,247079800003,1,1,5,1,0,0,0,0,0,0,0,0,1,2470798,1,father,child,F-C,0
485,,,3018574900001,3018574900003,1,1,5,1,0,0,0,1,1,0,0,0,1,30185749,1,father,child,F-C,2
486,,,2006786400001,2006786400003,1,1,5,1,0,0,0,0,1,0,1,0,1,20067864,1,mother,child,M-C,2
487,,,2006786400001,20067864,1,1,5,1,0,0,0,0,1,0,1,0,1,20067864,1,mother,father,M-F,2
488,,,48750900001,487509,1,1,5,1,0,0,0,0,0,0,0,0,1,487509,1,mother,father,M-F,0
489,,,21552900001,21552900004,1,1,5,1,0,0,0,0,0,0,0,0,1,215529,1,father,child,F-C,0
490,,,2006241200001,20062412,1,1,5,1,0,0,0,0,0,0,0,0,1,20062412,1,father,mother,M-F,9
491,,,2005640700003,20056407,1,1,5,1,0,0,0,0,0,0,0,0,1,20056407,1,child,father,F-C,9
492,,,20033390,2003339000001,1,1,5,1,0,0,0,0,0,0,0,0,1,20033390,1,father,mother,M-F,9
493,,,2006046500002,20060465,1,1,5,1,0,0,0,0,0,0,0,0,1,20060465,1,child,father,F-C,9
494,,,2005607300003,2005607300004,1,1,5,1,0,0,0,0,0,0,0,0,1,20056073,1,child,child,siblings,9
495,,,21362500001,21362500003,1,1,0,1,0,0,0,0,0,0,0,0,1,213625,0,father,child,F-C,5
496,,,2003526600002,2003526600001,1,5,1,1,0,0,0,0,0,0,0,0,1,20035266,0.6,child,mother,M-C,1
497,,,2003346300001,2003346300004,1,1,3,1,0,0,0,0,0,0,0,0,1,20033463,0.8,mother,child,M-C,7
498,,,272791,27279100004,1,1,5,1,0,0,0,0,1,0,0,0,1,272791,1,father,child,F-C,2
499,,,2003743400002,20037434,1,1,4,1,0,0,0,0,0,0,0,0,1,20037434,0.9,child,father,F-C,4
