"source","target"
0,228
0,489
0,1112
1,22
1,431
1,478
1,720
1,721
1,792
1,794
1,1089
1,1092
1,1195
2,22
2,388
2,661
2,911
3,115
3,117
3,229
3,430
3,471
3,472
3,562
3,565
3,624
3,706
3,887
3,1054
4,644
4,1216
4,1234
5,72
5,87
5,88
5,255
5,279
5,528
5,615
5,913
6,89
6,205
6,454
6,488
6,561
6,623
6,671
6,920
6,1053
6,1228
7,17
7,26
7,206
7,260
7,261
7,262
7,386
7,449
7,450
7,516
7,532
7,551
7,567
7,663
7,667
7,693
7,785
7,817
7,929
7,1114
7,1118
7,1139
7,1154
7,1176
8,57
8,59
8,111
8,177
8,178
8,327
8,334
8,530
8,571
8,572
8,573
8,574
8,600
8,703
8,724
8,755
8,834
8,845
8,905
8,1004
8,1025
8,1071
8,1102
8,1116
8,1128
8,1158
8,1184
8,1185
8,1208
8,1209
8,1210
8,1213
9,202
9,203
9,953
9,1163
10,47
10,48
10,113
10,595
10,613
10,709
10,1013
10,1169
10,1232
11,172
11,200
11,263
11,280
11,352
11,361
11,365
11,384
11,485
11,629
11,670
11,734
11,758
11,768
11,859
11,861
11,1167
11,1182
11,1183
11,1254
11,1256
12,14
12,628
12,684
12,1165
12,1172
13,67
13,513
13,520
13,643
13,655
13,686
13,878
13,1015
14,628
14,684
14,1165
14,1172
15,83
15,292
15,293
15,301
15,302
15,303
15,309
15,346
15,619
15,635
15,639
15,788
15,789
15,790
15,791
15,831
15,832
15,1007
15,1186
15,1189
16,223
16,300
16,705
16,778
16,1132
16,1239
17,26
17,206
17,260
17,261
17,262
17,386
17,449
17,450
17,516
17,532
17,551
17,567
17,663
17,667
17,693
17,785
17,817
17,929
17,1114
17,1118
17,1139
17,1154
17,1176
18,118
18,149
18,175
18,192
18,212
18,360
18,362
18,434
18,469
18,474
18,475
18,477
18,522
18,531
18,568
18,577
18,652
18,856
18,857
18,922
18,924
18,931
18,939
18,1151
18,1177
18,1178
19,62
19,84
19,151
19,189
19,207
19,230
19,243
19,330
19,331
19,336
19,387
19,494
19,496
19,644
19,775
19,928
19,1021
19,1070
19,1079
19,1101
19,1138
19,1214
19,1216
19,1222
19,1234
19,1265
20,21
20,81
20,106
20,209
20,216
20,217
20,249
20,306
20,322
20,441
20,766
20,793
20,1050
20,1230
20,1259
21,81
21,106
21,209
21,216
21,217
21,249
21,306
21,322
21,441
21,766
21,793
21,1050
21,1230
21,1259
22,431
22,478
22,720
22,721
22,792
22,794
22,1089
22,1092
22,1195
23,24
23,186
23,259
23,326
23,402
23,432
23,433
23,436
23,438
23,658
23,665
23,748
23,756
23,827
23,862
23,951
23,983
23,989
23,1014
23,1098
23,1155
23,1179
23,1255
24,186
24,259
24,326
24,402
24,432
24,433
24,436
24,438
24,658
24,665
24,748
24,756
24,827
24,862
24,951
24,983
24,989
24,1014
24,1098
24,1155
24,1179
24,1255
25,698
25,750
25,1013
25,1121
25,1233
26,206
26,260
26,261
26,262
26,386
26,449
26,450
26,516
26,532
26,551
26,567
26,663
26,667
26,693
26,785
26,817
26,929
26,1114
26,1118
26,1139
26,1154
26,1176
27,37
27,173
27,174
27,267
27,351
27,370
27,587
27,653
27,760
27,863
27,1020
27,1113
27,1117
27,1140
27,1258
28,201
28,372
28,631
28,654
28,879
28,1081
29,269
29,683
29,733
30,279
30,533
30,630
30,723
30,864
30,950
30,1026
30,1080
30,1174
30,1201
30,1215
31,909
31,1205
32,257
32,1112
33,546
34,801
35,586
35,594
35,669
35,695
35,759
35,1166
35,1174
36,104
36,147
36,272
36,473
36,535
36,566
36,722
36,754
36,998
36,1039
36,1057
36,1058
36,1143
37,173
37,174
37,267
37,351
37,370
37,587
37,653
37,760
37,863
37,1020
37,1113
37,1117
37,1140
37,1258
38,519
38,593
39,94
39,399
40,606
41,42
41,373
41,608
41,690
42,373
42,690
43,44
43,98
44,691
45,569
45,582
45,625
45,632
45,646
45,749
45,820
45,904
45,930
45,936
45,1104
45,1207
45,1212
46,60
46,65
46,114
46,163
46,218
46,314
46,371
46,529
46,880
46,949
46,1253
47,48
47,113
47,595
47,613
47,709
47,1013
47,1169
47,1232
48,113
48,595
48,613
48,709
48,1013
48,1169
48,1232
49,77
49,79
49,135
49,344
49,524
49,557
49,558
49,559
49,895
49,896
49,898
49,1029
49,1030
49,1170
49,1171
49,1173
49,1262
50,52
50,100
50,101
50,108
50,133
50,187
50,198
50,199
50,233
50,244
50,245
50,264
50,266
50,307
50,333
50,337
50,342
50,491
50,599
50,697
50,776
50,925
50,1028
50,1241
51,76
51,107
51,134
51,265
51,343
51,407
51,409
51,410
51,492
51,523
51,968
51,970
51,1031
51,1131
51,1159
51,1160
51,1161
51,1243
51,1263
52,100
52,101
52,108
52,133
52,187
52,198
52,199
52,233
52,244
52,245
52,264
52,266
52,307
52,333
52,337
52,342
52,491
52,599
52,697
52,776
52,925
52,1028
52,1131
52,1241
53,171
53,281
53,314
53,645
53,826
53,966
53,1120
53,1121
53,1218
53,1257
54,220
54,268
54,315
54,318
54,319
54,320
54,321
54,656
54,867
54,948
54,952
54,1103
54,1105
54,1122
54,1137
55,213
55,353
55,710
55,1175
56,58
56,233
56,405
56,429
56,527
56,712
56,725
56,753
56,828
56,829
56,933
56,937
56,1003
56,1024
56,1141
56,1152
56,1153
57,59
57,111
57,177
57,178
57,327
57,334
57,530
57,571
57,572
57,573
57,574
57,600
57,703
57,724
57,755
57,834
57,845
57,905
57,1004
57,1025
57,1071
57,1102
57,1116
57,1128
57,1158
57,1184
57,1185
57,1208
57,1209
57,1210
57,1213
58,187
58,198
58,199
58,233
58,244
58,245
58,264
58,266
58,307
58,333
58,337
58,405
58,429
58,491
58,527
58,599
58,677
58,712
58,725
58,753
58,776
58,828
58,829
58,925
58,933
58,937
58,1003
58,1024
58,1141
58,1152
58,1153
59,111
59,177
59,178
59,327
59,334
59,530
59,571
59,572
59,573
59,574
59,600
59,703
59,724
59,755
59,834
59,845
59,905
59,1004
59,1025
59,1071
59,1102
59,1116
59,1128
59,1158
59,1184
59,1185
59,1208
59,1209
59,1210
59,1213
60,65
60,114
60,163
60,218
60,314
60,371
60,529
60,880
60,949
60,1253
61,63
61,85
61,119
61,121
61,191
61,196
61,232
61,278
61,329
61,341
61,400
61,416
61,451
61,493
61,525
61,597
61,659
61,668
61,675
61,694
61,718
61,727
61,737
61,752
61,796
61,865
61,1036
61,1083
61,1115
61,1180
61,1181
62,84
62,151
62,189
62,207
62,230
62,243
62,330
62,331
62,336
62,387
62,494
62,496
62,644
62,775
62,928
62,1021
62,1070
62,1079
62,1101
62,1138
62,1214
62,1216
62,1222
62,1234
63,85
63,119
63,121
63,191
63,196
63,232
63,278
63,329
63,341
63,400
63,416
63,451
63,493
63,525
63,597
63,659
63,668
63,675
63,694
63,718
63,727
63,737
63,752
63,796
63,865
63,1036
63,1083
63,1115
63,1180
63,1181
64,83
64,136
64,138
64,139
64,185
64,190
64,204
64,231
64,328
64,363
64,385
64,417
64,452
64,476
64,495
64,497
64,540
64,579
64,588
64,589
64,610
64,627
64,711
64,716
64,728
64,774
64,860
64,963
64,987
64,1022
64,1023
64,1069
64,1144
65,114
65,163
65,218
65,314
65,371
65,529
65,880
65,949
65,1253
66,68
66,109
66,308
66,524
66,611
66,761
66,762
66,797
66,969
66,1012
66,1129
66,1252
67,513
67,520
67,643
67,655
67,686
67,878
67,1015
68,109
68,308
68,524
68,611
68,761
68,762
68,797
68,969
68,1012
68,1129
68,1252
69,70
69,419
69,479
69,501
69,502
69,526
69,781
69,999
69,1047
70,419
70,479
70,501
70,502
70,526
70,781
70,999
70,1047
71,392
72,87
72,88
72,255
72,392
72,528
72,615
72,913
73,514
73,747
73,795
73,1175
74,183
74,1193
74,1194
75,92
75,179
75,181
75,184
75,271
75,324
75,411
75,412
75,428
75,736
75,851
75,912
75,1040
75,1041
75,1051
75,1055
75,1067
75,1076
75,1202
76,107
76,134
76,265
76,343
76,407
76,409
76,410
76,492
76,498
76,523
76,578
76,634
76,818
76,819
76,906
76,907
76,968
76,970
76,1031
76,1100
76,1131
76,1159
76,1160
76,1161
76,1243
76,1263
77,79
77,135
77,308
77,344
77,524
77,557
77,558
77,559
77,761
77,762
77,895
77,896
77,898
77,969
77,1029
77,1030
77,1129
77,1170
77,1171
77,1173
77,1262
78,112
78,137
78,161
78,176
78,219
78,316
78,317
78,403
78,537
78,664
78,729
78,730
78,780
78,784
78,858
78,988
78,1035
78,1130
78,1219
79,135
79,308
79,344
79,524
79,557
79,558
79,559
79,761
79,762
79,895
79,896
79,898
79,969
79,1029
79,1030
79,1129
79,1170
79,1171
79,1173
79,1262
80,439
80,708
80,1049
81,106
81,209
81,216
81,217
81,249
81,306
81,322
81,441
81,766
81,793
81,1050
81,1230
81,1259
82,323
82,453
82,850
82,1087
83,136
83,138
83,139
83,185
83,190
83,204
83,231
83,328
83,363
83,385
83,417
83,452
83,476
83,495
83,497
83,540
83,579
83,588
83,589
83,610
83,627
83,711
83,716
83,728
83,774
83,860
83,963
83,987
83,1022
83,1023
83,1069
83,1144
84,151
84,189
84,207
84,230
84,243
84,330
84,331
84,336
84,387
84,494
84,496
84,644
84,775
84,928
84,1021
84,1070
84,1079
84,1101
84,1138
84,1214
84,1216
84,1222
84,1234
84,1265
85,119
85,121
85,191
85,196
85,232
85,278
85,329
85,341
85,400
85,416
85,451
85,452
85,493
85,525
85,597
85,659
85,668
85,675
85,694
85,718
85,727
85,737
85,752
85,796
85,865
85,1036
85,1083
85,1115
85,1180
85,1181
86,132
86,167
86,169
86,170
86,197
86,246
86,276
86,332
86,406
86,435
86,486
86,487
86,580
86,674
86,676
86,677
86,717
86,726
86,751
86,757
86,777
86,782
86,798
86,846
86,932
86,940
86,1078
86,1099
86,1240
86,1242
87,88
87,255
87,528
87,615
87,913
88,255
88,528
88,615
88,913
89,205
89,323
89,454
89,488
89,561
89,623
89,671
89,920
89,1053
89,1228
90,182
90,208
90,673
91,672
91,888
91,1063
92,179
92,181
92,184
92,271
92,324
92,411
92,412
92,428
92,736
92,851
92,912
92,1040
92,1041
92,1051
92,1055
92,1067
92,1076
92,1202
93,166
93,241
94,447
95,448
95,607
95,945
96,99
97,608
99,1225
100,101
100,108
100,133
100,342
100,697
100,1028
100,1241
101,108
101,133
101,342
101,697
101,1028
101,1241
102,103
102,1264
103,915
103,1264
104,147
104,272
104,473
104,535
104,566
104,722
104,754
104,998
104,1039
104,1057
104,1058
104,1143
105,180
105,210
105,215
105,228
105,273
105,534
105,536
105,563
105,622
105,1056
105,1073
106,209
106,216
106,217
106,249
106,306
106,322
106,441
106,766
106,793
106,1050
106,1230
106,1259
107,134
107,265
107,343
107,407
107,409
107,410
107,492
107,498
107,523
107,578
107,818
107,819
107,906
107,907
107,968
107,970
107,1031
107,1100
107,1131
107,1159
107,1160
107,1161
107,1243
107,1263
108,133
108,187
108,198
108,199
108,233
108,244
108,245
108,264
108,266
108,307
108,333
108,337
108,342
108,491
108,599
108,697
108,725
108,776
108,828
108,829
108,925
108,937
108,1028
108,1152
108,1153
108,1241
109,110
109,308
109,524
109,611
109,761
109,762
109,797
109,969
109,1012
109,1129
109,1252
110,714
110,813
111,177
111,178
111,327
111,334
111,530
111,571
111,572
111,573
111,574
111,600
111,703
111,724
111,755
111,834
111,845
111,905
111,1004
111,1025
111,1071
111,1102
111,1116
111,1128
111,1158
111,1184
111,1185
111,1208
111,1209
111,1210
111,1213
112,137
112,161
112,176
112,219
112,316
112,317
112,403
112,537
112,664
112,729
112,730
112,780
112,784
112,858
112,988
112,1035
112,1130
112,1219
113,595
113,613
113,709
113,1013
113,1169
113,1232
114,163
114,218
114,314
114,371
114,529
114,880
114,949
114,1253
115,117
115,229
115,430
115,471
115,472
115,562
115,565
115,624
115,706
115,714
115,813
115,887
115,1054
115,1092
116,247
116,481
116,483
116,614
116,767
116,835
116,836
116,921
117,229
117,430
117,471
117,472
117,562
117,565
117,624
117,706
117,714
117,887
117,1054
118,149
118,175
118,192
118,212
118,360
118,362
118,434
118,469
118,474
118,475
118,477
118,522
118,531
118,568
118,577
118,652
118,856
118,857
118,922
118,924
118,931
118,939
118,1151
118,1177
118,1178
119,121
119,191
119,196
119,232
119,278
119,329
119,341
119,400
119,416
119,451
119,493
119,525
119,597
119,659
119,668
119,675
119,694
119,718
119,727
119,737
119,752
119,796
119,865
119,1036
119,1083
119,1115
119,1180
119,1181
120,150
120,188
120,437
120,598
120,923
121,191
121,196
121,232
121,278
121,329
121,341
121,400
121,416
121,451
121,493
121,525
121,597
121,659
121,668
121,675
121,694
121,718
121,727
121,737
121,752
121,796
121,865
121,1036
121,1083
121,1115
121,1180
121,1181
122,299
122,550
122,976
122,1200
122,1224
123,125
123,141
123,154
123,547
123,618
123,633
123,640
123,975
123,1107
124,382
124,515
124,688
125,141
125,154
125,547
125,618
125,633
125,640
125,975
125,1107
126,143
126,144
126,285
126,395
126,512
126,555
126,679
126,821
126,867
126,942
126,943
126,990
126,1043
127,128
127,129
127,131
127,153
127,226
127,393
127,583
127,584
127,883
127,941
127,1149
128,129
128,131
128,153
128,226
128,393
128,583
128,584
128,883
128,941
128,1149
129,131
129,153
129,226
129,393
129,583
129,584
129,883
129,941
129,1149
130,156
130,398
130,503
130,687
130,702
130,869
130,882
130,972
130,1084
131,153
131,226
131,393
131,583
131,584
131,883
131,941
131,1149
132,167
132,169
132,170
132,197
132,246
132,276
132,332
132,560
132,580
132,674
132,676
132,677
132,726
132,751
132,777
132,798
132,897
132,940
132,1099
132,1240
132,1242
133,187
133,198
133,199
133,233
133,244
133,245
133,264
133,266
133,307
133,333
133,337
133,342
133,491
133,599
133,697
133,776
133,925
133,1028
133,1241
134,265
134,343
134,407
134,409
134,410
134,492
134,498
134,523
134,578
134,968
134,970
134,1031
134,1100
134,1131
134,1159
134,1160
134,1161
134,1243
134,1263
135,308
135,344
135,524
135,557
135,558
135,559
135,895
135,896
135,898
135,969
135,1029
135,1030
135,1170
135,1171
135,1173
135,1262
136,138
136,139
136,185
136,190
136,204
136,231
136,328
136,363
136,385
136,417
136,452
136,476
136,495
136,497
136,540
136,579
136,588
136,589
136,610
136,627
136,711
136,716
136,728
136,774
136,860
136,963
136,987
136,1022
136,1023
136,1069
136,1144
137,161
137,176
137,219
137,316
137,317
137,403
137,537
137,664
137,729
137,730
137,780
137,784
137,858
137,988
137,1035
137,1130
137,1219
138,139
138,185
138,190
138,204
138,231
138,328
138,363
138,385
138,417
138,452
138,476
138,495
138,497
138,540
138,579
138,588
138,589
138,610
138,627
138,711
138,716
138,728
138,774
138,860
138,963
138,987
138,1022
138,1023
138,1069
138,1144
139,185
139,190
139,204
139,231
139,328
139,363
139,385
139,417
139,452
139,476
139,495
139,497
139,540
139,579
139,588
139,589
139,610
139,627
139,711
139,716
139,728
139,774
139,860
139,963
139,987
139,1022
139,1023
139,1069
139,1144
140,364
140,408
140,415
140,570
140,596
140,982
140,1027
140,1068
141,154
141,547
141,618
141,633
141,640
141,975
141,1107
142,224
142,225
142,284
142,291
142,348
142,511
142,617
142,682
142,787
142,806
142,844
142,903
142,1236
143,144
143,285
143,395
143,512
143,555
143,679
143,821
143,942
143,943
143,990
143,1043
144,285
144,395
144,512
144,555
144,679
144,821
144,942
144,943
144,990
144,1043
145,146
145,426
145,849
145,889
145,1066
145,1125
145,1126
146,426
146,849
146,889
146,1066
146,1125
146,1126
147,272
147,473
147,535
147,566
147,722
147,754
147,998
147,1039
147,1057
147,1058
147,1143
148,168
148,211
148,221
148,270
148,325
148,369
148,414
148,521
148,696
148,783
148,786
148,816
148,866
148,938
148,946
148,947
148,1123
148,1150
148,1162
148,1168
148,1211
148,1217
148,1251
149,175
149,192
149,212
149,360
149,362
149,434
149,469
149,474
149,475
149,477
149,522
149,531
149,568
149,577
149,652
149,778
149,856
149,857
149,922
149,924
149,931
149,939
149,1151
149,1177
149,1178
150,188
150,437
150,538
150,598
150,923
151,189
151,207
151,230
151,243
151,330
151,331
151,336
151,387
151,494
151,496
151,644
151,775
151,928
151,1021
151,1070
151,1079
151,1101
151,1138
151,1214
151,1216
151,1222
151,1234
151,1265
152,155
152,397
152,506
152,507
152,742
152,1009
153,226
153,393
153,583
153,584
153,883
153,941
153,1149
154,547
154,618
154,633
154,640
154,975
154,1107
155,397
155,506
155,507
155,742
155,1009
156,398
156,503
156,702
156,869
156,882
156,972
156,1084
157,158
157,227
157,248
157,482
157,765
157,803
157,837
157,1061
158,227
158,248
158,482
158,765
158,803
158,837
158,1061
159,404
159,466
160,162
160,684
160,1124
160,1221
161,176
161,219
161,316
161,317
161,403
161,537
161,664
161,729
161,730
161,780
161,784
161,858
161,988
161,1035
161,1130
161,1219
162,1175
163,218
163,314
163,371
163,529
163,880
163,949
163,1253
164,739
164,1206
165,257
165,741
166,241
167,169
167,170
167,197
167,246
167,276
167,332
167,406
167,435
167,486
167,487
167,580
167,674
167,676
167,677
167,717
167,726
167,751
167,757
167,777
167,782
167,798
167,846
167,932
167,940
167,1078
167,1099
167,1240
167,1242
168,211
168,221
168,270
168,325
168,369
168,414
168,521
168,663
168,696
168,783
168,786
168,816
168,866
168,938
168,946
168,947
168,1123
168,1150
168,1162
168,1168
168,1211
168,1217
168,1251
169,170
169,197
169,246
169,276
169,332
169,406
169,435
169,486
169,487
169,580
169,674
169,676
169,677
169,717
169,726
169,751
169,757
169,777
169,782
169,798
169,846
169,932
169,940
169,1078
169,1099
169,1240
169,1242
170,197
170,246
170,276
170,332
170,406
170,435
170,486
170,487
170,580
170,674
170,676
170,677
170,717
170,726
170,751
170,757
170,777
170,782
170,798
170,846
170,932
170,940
170,1078
170,1099
170,1240
170,1242
171,281
171,645
171,826
171,966
171,1120
171,1121
171,1218
171,1257
172,200
172,263
172,280
172,352
172,361
172,365
172,384
172,485
172,629
172,670
172,734
172,758
172,859
172,861
172,1167
172,1182
172,1183
172,1254
172,1256
173,174
173,267
173,351
173,370
173,587
173,653
173,760
173,863
173,1020
173,1113
173,1117
173,1140
173,1258
174,267
174,351
174,370
174,587
174,653
174,760
174,863
174,1020
174,1113
174,1117
174,1140
174,1258
175,192
175,212
175,360
175,362
175,434
175,469
175,474
175,475
175,477
175,522
175,531
175,568
175,577
175,652
175,856
175,857
175,922
175,924
175,931
175,939
175,1151
175,1177
175,1178
176,219
176,316
176,317
176,403
176,537
176,664
176,729
176,730
176,780
176,784
176,858
176,988
176,1035
176,1130
176,1219
177,178
177,327
177,334
177,530
177,571
177,572
177,573
177,574
177,600
177,703
177,724
177,755
177,834
177,845
177,905
177,1004
177,1025
177,1071
177,1102
177,1116
177,1128
177,1158
177,1184
177,1185
177,1208
177,1209
177,1210
177,1213
178,327
178,334
178,530
178,571
178,572
178,573
178,574
178,600
178,703
178,724
178,755
178,834
178,845
178,905
178,1004
178,1025
178,1071
178,1102
178,1116
178,1128
178,1158
178,1184
178,1185
178,1208
178,1209
178,1210
178,1213
179,181
179,184
179,271
179,324
179,411
179,412
179,428
179,736
179,851
179,912
179,1040
179,1041
179,1051
179,1055
179,1067
179,1076
179,1202
180,210
180,215
180,228
180,273
180,534
180,536
180,563
180,622
180,1056
180,1073
181,184
181,271
181,324
181,411
181,412
181,428
181,736
181,851
181,912
181,1040
181,1041
181,1051
181,1055
181,1067
181,1076
181,1202
182,208
182,673
183,1193
183,1194
184,271
184,324
184,411
184,412
184,428
184,736
184,851
184,912
184,1040
184,1041
184,1051
184,1055
184,1067
184,1076
184,1202
185,190
185,204
185,231
185,328
185,363
185,385
185,417
185,452
185,476
185,495
185,497
185,540
185,579
185,588
185,589
185,610
185,627
185,711
185,716
185,728
185,774
185,860
185,1022
185,1023
185,1069
185,1144
186,259
186,326
186,402
186,432
186,433
186,436
186,438
186,658
186,665
186,748
186,756
186,827
186,862
186,951
186,983
186,989
186,1014
186,1098
186,1155
186,1179
186,1255
187,198
187,199
187,233
187,244
187,245
187,264
187,266
187,307
187,333
187,337
187,342
187,429
187,491
187,599
187,697
187,725
187,776
187,828
187,829
187,925
187,937
187,1028
187,1152
187,1153
187,1241
188,274
188,275
188,437
188,598
188,699
188,700
188,923
189,207
189,230
189,243
189,330
189,331
189,336
189,387
189,494
189,496
189,644
189,775
189,928
189,1021
189,1070
189,1079
189,1101
189,1138
189,1214
189,1216
189,1222
189,1234
190,204
190,231
190,328
190,363
190,385
190,417
190,452
190,476
190,495
190,497
190,540
190,579
190,588
190,589
190,610
190,627
190,711
190,716
190,728
190,774
190,860
190,963
190,987
190,1022
190,1023
190,1069
190,1144
191,196
191,232
191,278
191,329
191,341
191,400
191,416
191,451
191,493
191,525
191,597
191,659
191,668
191,675
191,694
191,718
191,727
191,737
191,752
191,796
191,865
191,1036
191,1083
191,1115
191,1180
191,1181
192,212
192,360
192,362
192,434
192,469
192,474
192,475
192,477
192,522
192,531
192,568
192,577
192,652
192,856
192,857
192,922
192,924
192,931
192,939
192,1151
192,1177
192,1178
193,194
193,888
193,919
193,1038
194,888
194,919
194,1038
195,603
196,232
196,278
196,329
196,341
196,400
196,416
196,451
196,493
196,525
196,597
196,659
196,668
196,675
196,694
196,718
196,727
196,737
196,752
196,796
196,865
196,1036
196,1083
196,1115
196,1180
196,1181
197,246
197,276
197,332
197,406
197,435
197,486
197,487
197,560
197,580
197,674
197,676
197,677
197,717
197,726
197,751
197,757
197,777
197,782
197,798
197,897
197,932
197,940
197,1078
197,1099
197,1240
197,1242
198,199
198,233
198,244
198,245
198,264
198,266
198,307
198,333
198,337
198,342
198,429
198,491
198,599
198,697
198,712
198,725
198,753
198,776
198,828
198,829
198,925
198,933
198,937
198,1024
198,1028
198,1152
198,1153
198,1241
199,233
199,244
199,245
199,264
199,266
199,307
199,333
199,337
199,342
199,429
199,491
199,599
199,697
199,712
199,725
199,753
199,776
199,828
199,829
199,925
199,933
199,937
199,1024
199,1028
199,1152
199,1153
199,1241
200,263
200,280
200,352
200,361
200,365
200,384
200,485
200,629
200,670
200,734
200,758
200,859
200,861
200,1167
200,1182
200,1183
200,1254
200,1256
201,372
201,631
201,654
201,879
201,1081
202,203
202,953
202,1163
203,953
203,1163
204,231
204,328
204,363
204,385
204,417
204,452
204,476
204,495
204,497
204,540
204,579
204,588
204,589
204,610
204,627
204,711
204,716
204,728
204,774
204,860
204,963
204,987
204,1022
204,1023
204,1069
204,1144
205,454
205,488
205,561
205,623
205,671
205,920
205,1053
205,1228
206,260
206,261
206,262
206,386
206,449
206,450
206,516
206,532
206,551
206,567
206,663
206,667
206,693
206,785
206,817
206,929
206,1114
206,1118
206,1139
206,1154
206,1176
207,230
207,243
207,330
207,331
207,336
207,387
207,494
207,496
207,644
207,775
207,928
207,1021
207,1070
207,1079
207,1101
207,1138
207,1214
207,1216
207,1222
207,1234
208,673
208,1194
209,216
209,217
209,249
209,306
209,322
209,441
209,766
209,793
209,1050
209,1216
209,1230
209,1259
210,215
210,228
210,273
210,534
210,536
210,563
210,622
210,1056
210,1073
211,221
211,270
211,325
211,369
211,414
211,521
211,696
211,783
211,786
211,816
211,866
211,938
211,946
211,947
211,1123
211,1150
211,1162
211,1168
211,1211
211,1217
211,1251
212,323
212,360
212,362
212,434
212,469
212,474
212,475
212,477
212,522
212,531
212,568
212,577
212,652
212,856
212,857
212,922
212,924
212,931
212,939
212,1151
212,1177
212,1178
213,353
213,710
214,719
214,881
214,985
215,228
215,273
215,534
215,536
215,563
215,622
215,1056
215,1073
216,217
216,249
216,306
216,322
216,441
216,766
216,793
216,1050
216,1230
216,1259
217,249
217,306
217,322
217,441
217,766
217,793
217,1050
217,1230
217,1259
218,314
218,371
218,529
218,880
218,949
218,1253
219,316
219,317
219,352
219,403
219,537
219,664
219,729
219,730
219,780
219,784
219,858
219,988
219,1035
219,1130
219,1219
220,268
220,315
220,318
220,319
220,320
220,321
220,656
220,867
220,948
220,952
220,1103
220,1105
220,1122
220,1137
221,270
221,325
221,369
221,414
221,521
221,696
221,783
221,786
221,816
221,866
221,938
221,946
221,947
221,1123
221,1150
221,1162
221,1168
221,1211
221,1217
221,1251
222,381
222,1005
223,300
223,310
223,347
223,705
223,778
223,1132
223,1239
224,225
224,284
224,291
224,348
224,511
224,617
224,682
224,787
224,806
224,844
224,903
224,1236
225,284
225,291
225,348
225,511
225,617
225,682
225,787
225,806
225,844
225,903
225,1236
226,393
226,583
226,584
226,883
226,941
226,1149
227,248
227,482
227,765
227,803
227,837
227,1061
227,1217
228,273
228,534
228,536
228,563
228,622
228,1056
228,1073
229,430
229,471
229,472
229,562
229,565
229,624
229,706
229,714
229,813
229,887
229,1054
230,243
230,330
230,331
230,336
230,387
230,494
230,496
230,644
230,717
230,775
230,928
230,1021
230,1070
230,1079
230,1101
230,1138
230,1214
230,1216
230,1222
230,1234
230,1265
231,328
231,363
231,385
231,417
231,452
231,476
231,495
231,497
231,540
231,579
231,588
231,589
231,610
231,627
231,711
231,716
231,728
231,774
231,860
231,963
231,987
231,1022
231,1023
231,1069
231,1144
232,278
232,329
232,341
232,400
232,416
232,451
232,493
232,525
232,597
232,659
232,668
232,675
232,694
232,718
232,727
232,737
232,752
232,796
232,865
232,1036
232,1083
232,1115
232,1180
232,1181
233,244
233,245
233,264
233,266
233,307
233,333
233,337
233,342
233,429
233,491
233,599
233,697
233,712
233,725
233,753
233,776
233,828
233,829
233,925
233,933
233,937
233,1003
233,1024
233,1152
233,1153
233,1241
234,354
235,355
235,357
235,358
235,681
236,443
236,444
237,444
238,609
238,1223
239,607
239,690
240,256
240,1064
240,1065
240,1088
241,480
242,500
242,926
242,1002
243,330
243,331
243,336
243,387
243,494
243,496
243,644
243,775
243,928
243,1021
243,1070
243,1079
243,1101
243,1138
243,1214
243,1216
243,1222
243,1265
244,245
244,264
244,266
244,307
244,333
244,337
244,342
244,429
244,491
244,599
244,697
244,725
244,776
244,828
244,829
244,925
244,937
244,1028
244,1152
244,1153
244,1241
245,264
245,266
245,307
245,333
245,337
245,342
245,429
245,491
245,599
245,697
245,725
245,776
245,828
245,829
245,925
245,937
245,1028
245,1152
245,1153
245,1241
246,276
246,332
246,406
246,435
246,486
246,487
246,560
246,580
246,674
246,676
246,677
246,717
246,726
246,751
246,757
246,777
246,782
246,798
246,897
246,932
246,940
246,1078
246,1099
246,1240
246,1242
247,481
247,483
247,614
247,767
247,835
247,836
247,921
248,482
248,765
248,803
248,837
248,1061
249,306
249,322
249,441
249,766
249,793
249,1047
249,1050
249,1230
249,1259
250,289
250,305
250,638
250,642
250,651
250,701
250,704
250,824
250,1008
250,1046
250,1106
250,1237
251,252
251,423
251,581
251,833
251,871
251,891
251,944
251,1085
251,1135
251,1235
252,423
252,581
252,833
252,871
252,891
252,944
252,1085
252,1135
252,1235
253,552
253,650
253,802
253,894
253,1093
253,1097
254,545
254,549
254,556
254,680
254,804
254,847
254,870
255,528
255,615
255,800
255,913
256,1064
256,1065
256,1088
258,277
258,455
258,707
258,799
258,889
258,1072
259,326
259,402
259,432
259,433
259,436
259,438
259,658
259,665
259,748
259,756
259,827
259,862
259,951
259,983
259,989
259,1014
259,1098
259,1155
259,1179
259,1255
260,261
260,262
260,386
260,449
260,450
260,516
260,532
260,551
260,567
260,663
260,667
260,693
260,785
260,817
260,929
260,1114
260,1118
260,1139
260,1154
260,1176
261,262
261,386
261,449
261,450
261,516
261,532
261,551
261,567
261,663
261,667
261,693
261,785
261,817
261,929
261,1114
261,1118
261,1139
261,1154
261,1176
262,386
262,449
262,450
262,516
262,532
262,551
262,567
262,663
262,667
262,693
262,785
262,817
262,929
262,1114
262,1118
262,1139
262,1154
262,1176
263,280
263,352
263,361
263,365
263,384
263,485
263,629
263,670
263,734
263,758
263,859
263,861
263,1167
263,1182
263,1183
263,1254
263,1256
264,266
264,307
264,333
264,337
264,342
264,429
264,491
264,599
264,697
264,712
264,725
264,753
264,776
264,828
264,829
264,925
264,933
264,937
264,1024
264,1028
264,1152
264,1153
264,1241
265,343
265,407
265,409
265,410
265,492
265,498
265,523
265,578
265,626
265,657
265,666
265,818
265,819
265,906
265,907
265,1100
265,1131
265,1159
265,1160
265,1161
265,1220
265,1243
266,307
266,333
266,337
266,342
266,429
266,491
266,599
266,697
266,712
266,725
266,753
266,776
266,828
266,829
266,925
266,933
266,937
266,1024
266,1028
266,1152
266,1153
266,1241
267,351
267,370
267,587
267,653
267,760
267,863
267,1020
267,1113
267,1117
267,1140
267,1258
268,315
268,318
268,319
268,320
268,321
268,656
268,867
268,948
268,952
268,1103
268,1105
268,1122
268,1137
269,593
270,325
270,369
270,414
270,521
270,696
270,783
270,786
270,816
270,866
270,938
270,946
270,947
270,1123
270,1150
270,1162
270,1168
270,1211
270,1217
270,1251
271,306
271,324
271,411
271,412
271,428
271,736
271,851
271,912
271,1040
271,1041
271,1051
271,1055
271,1067
271,1076
271,1202
272,473
272,535
272,566
272,722
272,754
272,998
272,1039
272,1057
272,1058
272,1143
273,534
273,536
273,563
273,622
273,1056
273,1073
274,275
274,437
274,598
274,699
274,700
274,923
275,437
275,598
275,699
275,700
275,923
276,332
276,406
276,435
276,486
276,487
276,580
276,674
276,676
276,677
276,717
276,726
276,751
276,757
276,777
276,782
276,798
276,846
276,932
276,940
276,1078
276,1099
276,1240
276,1242
277,455
277,707
277,799
277,1072
278,329
278,341
278,400
278,416
278,451
278,493
278,525
278,597
278,659
278,668
278,675
278,694
278,718
278,727
278,737
278,752
278,796
278,865
278,1036
278,1083
278,1115
278,1180
278,1181
279,533
279,630
279,723
279,864
279,950
279,1026
279,1080
279,1201
279,1215
280,352
280,361
280,365
280,384
280,485
280,629
280,670
280,734
280,758
280,859
280,861
280,1167
280,1182
280,1183
280,1254
280,1256
281,645
281,826
281,966
281,1120
281,1121
281,1218
281,1257
282,464
282,480
282,575
282,660
282,910
282,1111
283,1059
284,291
284,348
284,511
284,617
284,682
284,787
284,806
284,844
284,903
284,1236
285,395
285,512
285,555
285,679
285,821
285,942
285,943
285,990
285,1043
286,287
286,288
286,304
286,349
286,637
286,1109
286,1110
287,288
287,304
287,349
287,637
287,1109
287,1110
288,304
288,349
288,637
288,1109
288,1110
289,305
289,638
289,642
289,651
289,701
289,704
289,824
289,1008
289,1046
289,1106
289,1237
290,366
290,394
290,396
290,769
290,805
290,899
290,1042
290,1086
290,1227
290,1238
291,348
291,511
291,617
291,682
291,787
291,806
291,844
291,903
291,1236
292,293
292,301
292,302
292,303
292,309
292,346
292,619
292,635
292,639
292,788
292,789
292,790
292,791
292,831
292,832
292,1007
292,1186
292,1189
293,301
293,302
293,303
293,309
293,346
293,619
293,635
293,639
293,788
293,789
293,790
293,791
293,831
293,832
293,1007
293,1186
293,1189
294,301
294,302
294,303
294,309
294,346
294,619
294,635
294,788
294,789
294,790
294,791
294,1186
294,1189
295,300
295,310
295,347
295,705
295,810
295,1239
296,375
296,634
296,979
296,980
297,298
297,977
297,981
297,1145
297,1146
297,1147
297,1188
298,977
298,981
298,1145
298,1146
298,1147
298,1188
299,550
299,1200
299,1224
300,310
300,347
300,705
300,778
300,1132
300,1239
301,302
301,303
301,309
301,346
301,619
301,635
301,639
301,788
301,789
301,790
301,791
301,831
301,832
301,1007
301,1186
301,1189
302,303
302,309
302,346
302,619
302,635
302,639
302,788
302,789
302,790
302,791
302,831
302,832
302,1007
302,1186
302,1189
303,309
303,346
303,619
303,635
303,639
303,788
303,789
303,790
303,791
303,831
303,832
303,1007
303,1186
303,1189
304,349
304,637
304,1109
304,1110
305,638
305,642
305,651
305,701
305,704
305,824
305,1008
305,1046
305,1106
305,1237
306,322
306,441
306,766
306,793
306,1050
306,1230
306,1259
307,333
307,337
307,342
307,429
307,491
307,599
307,697
307,725
307,776
307,828
307,829
307,925
307,937
307,1024
307,1028
307,1152
307,1153
307,1241
308,344
308,524
308,761
308,762
308,797
308,969
308,1129
308,1170
308,1171
308,1173
309,346
309,619
309,635
309,639
309,788
309,789
309,790
309,791
309,831
309,832
309,1186
309,1189
310,347
310,705
310,778
310,1132
310,1239
311,312
311,313
311,421
311,620
311,1148
312,313
312,421
312,620
312,1148
313,421
313,620
313,1148
314,371
314,529
314,880
314,949
314,1253
315,318
315,319
315,320
315,321
315,656
315,867
315,948
315,952
315,1103
315,1105
315,1122
315,1137
316,317
316,403
316,537
316,664
316,729
316,730
316,780
316,784
316,858
316,988
316,1035
316,1130
316,1219
317,403
317,537
317,664
317,729
317,730
317,780
317,784
317,858
317,988
317,1035
317,1130
317,1219
318,319
318,320
318,321
318,656
318,867
318,948
318,952
318,1103
318,1105
318,1122
318,1137
319,320
319,321
319,656
319,867
319,948
319,952
319,1103
319,1105
319,1122
319,1137
320,321
320,656
320,867
320,948
320,952
320,1103
320,1105
320,1122
320,1137
321,656
321,867
321,948
321,952
321,1103
321,1105
321,1122
321,1137
322,441
322,766
322,793
322,1050
322,1230
322,1259
323,453
323,850
323,1087
324,411
324,412
324,428
324,736
324,851
324,912
324,1040
324,1041
324,1051
324,1055
324,1067
324,1076
324,1202
325,369
325,414
325,521
325,696
325,783
325,786
325,816
325,866
325,938
325,946
325,947
325,1123
325,1150
325,1162
325,1168
325,1211
325,1217
325,1251
326,402
326,432
326,433
326,436
326,438
326,658
326,665
326,748
326,756
326,827
326,862
326,951
326,983
326,989
326,1014
326,1098
326,1155
326,1179
326,1255
327,334
327,530
327,571
327,572
327,573
327,574
327,600
327,703
327,724
327,755
327,834
327,845
327,905
327,1004
327,1025
327,1071
327,1102
327,1116
327,1128
327,1158
327,1184
327,1185
327,1208
327,1209
327,1210
327,1213
328,363
328,385
328,417
328,452
328,476
328,495
328,497
328,540
328,579
328,588
328,589
328,610
328,627
328,711
328,716
328,728
328,774
328,860
328,963
328,987
328,1022
328,1023
328,1069
328,1144
329,341
329,400
329,416
329,451
329,493
329,525
329,597
329,659
329,668
329,675
329,694
329,718
329,727
329,737
329,752
329,796
329,865
329,1036
329,1083
329,1115
329,1180
329,1181
330,331
330,336
330,387
330,494
330,496
330,644
330,775
330,928
330,1021
330,1070
330,1079
330,1101
330,1138
330,1214
330,1216
330,1222
330,1234
330,1265
331,336
331,387
331,494
331,496
331,644
331,775
331,928
331,1021
331,1070
331,1079
331,1101
331,1138
331,1214
331,1216
331,1222
331,1234
331,1265
332,406
332,435
332,486
332,487
332,504
332,580
332,674
332,676
332,677
332,717
332,726
332,751
332,757
332,777
332,782
332,798
332,846
332,932
332,940
332,1078
332,1099
332,1240
332,1242
333,337
333,342
333,429
333,491
333,599
333,697
333,712
333,725
333,753
333,776
333,828
333,829
333,925
333,933
333,937
333,1024
333,1152
333,1153
333,1241
334,530
334,571
334,572
334,573
334,574
334,600
334,703
334,724
334,755
334,834
334,845
334,905
334,1004
334,1025
334,1071
334,1102
334,1116
334,1128
334,1158
334,1184
334,1185
334,1208
334,1209
334,1210
334,1213
335,1002
336,387
336,494
336,496
336,644
336,775
336,928
336,1021
336,1070
336,1079
336,1101
336,1138
336,1214
336,1216
336,1222
336,1234
336,1265
337,342
337,429
337,491
337,599
337,697
337,712
337,725
337,753
337,776
337,828
337,829
337,925
337,933
337,937
337,1024
337,1152
337,1153
337,1241
338,339
338,914
338,1260
339,914
340,881
341,400
341,416
341,451
341,493
341,525
341,597
341,659
341,668
341,675
341,694
341,718
341,727
341,737
341,752
341,796
341,865
341,1083
341,1115
341,1180
341,1181
342,491
342,599
342,697
342,725
342,776
342,828
342,829
342,925
342,937
342,1028
342,1152
342,1153
342,1241
343,407
343,409
343,410
343,492
343,498
343,523
343,578
343,818
343,819
343,906
343,907
343,968
343,970
343,1031
343,1100
343,1131
343,1159
343,1160
343,1161
343,1243
343,1263
344,524
344,557
344,558
344,559
344,761
344,762
344,895
344,896
344,898
344,969
344,1029
344,1030
344,1129
344,1170
344,1171
344,1173
344,1262
345,424
345,636
345,779
345,842
345,901
345,902
345,1187
345,1190
346,619
346,635
346,639
346,788
346,789
346,790
346,791
346,831
346,832
346,1007
346,1186
346,1189
347,705
347,778
347,1132
347,1239
348,511
348,617
348,682
348,787
348,806
348,844
348,903
348,1236
349,637
349,1109
349,1110
349,1249
350,603
350,616
350,986
350,1037
350,1261
351,370
351,587
351,653
351,760
351,863
351,1020
351,1113
351,1117
351,1140
351,1258
352,361
352,365
352,384
352,485
352,629
352,670
352,734
352,758
352,859
352,861
352,1167
352,1182
352,1183
352,1254
352,1256
353,654
353,710
354,446
354,1244
355,357
355,358
356,604
356,841
357,358
359,1237
360,362
360,434
360,469
360,474
360,475
360,477
360,522
360,531
360,568
360,577
360,652
360,856
360,857
360,922
360,924
360,931
360,939
360,1151
360,1177
360,1178
361,365
361,384
361,485
361,629
361,670
361,734
361,758
361,859
361,861
361,1167
361,1182
361,1183
361,1254
361,1256
362,434
362,469
362,474
362,475
362,477
362,522
362,531
362,568
362,577
362,652
362,856
362,857
362,922
362,924
362,931
362,939
362,1151
362,1177
362,1178
363,385
363,417
363,452
363,476
363,495
363,497
363,540
363,579
363,588
363,589
363,610
363,627
363,711
363,716
363,728
363,774
363,860
363,963
363,987
363,1022
363,1023
363,1069
363,1144
364,408
364,415
364,570
364,596
364,982
364,1027
364,1068
365,384
365,485
365,629
365,670
365,734
365,758
365,859
365,861
365,1167
365,1182
365,1183
365,1254
365,1256
366,394
366,396
366,769
366,805
366,899
366,1042
366,1086
366,1227
366,1238
367,421
367,620
367,1226
368,1188
369,414
369,521
369,696
369,783
369,786
369,816
369,866
369,938
369,946
369,947
369,1123
369,1150
369,1162
369,1168
369,1211
369,1217
369,1251
370,587
370,653
370,760
370,863
370,1020
370,1113
370,1117
370,1140
370,1258
371,529
371,880
371,949
371,1253
372,631
372,654
372,879
372,1081
373,690
374,458
374,838
374,842
375,377
376,378
376,843
378,462
378,1148
379,900
379,1071
379,1082
379,1196
380,401
380,422
380,548
380,745
380,974
380,1011
380,1044
380,1045
380,1094
380,1095
381,892
381,893
382,884
383,514
383,1108
384,485
384,629
384,670
384,734
384,758
384,859
384,861
384,1167
384,1182
384,1183
384,1254
384,1256
385,417
385,452
385,476
385,495
385,497
385,540
385,579
385,588
385,589
385,610
385,627
385,711
385,716
385,728
385,774
385,860
385,963
385,987
385,1022
385,1023
385,1069
385,1144
386,449
386,450
386,516
386,532
386,551
386,567
386,663
386,667
386,693
386,785
386,817
386,929
386,1114
386,1118
386,1139
386,1154
386,1176
387,494
387,496
387,644
387,775
387,928
387,1021
387,1070
387,1079
387,1101
387,1138
387,1214
387,1216
387,1222
387,1234
388,661
388,911
388,1001
388,1019
389,961
389,962
389,1205
390,602
390,914
391,418
391,732
393,583
393,584
393,760
393,883
393,941
393,1149
394,396
394,769
394,805
394,899
394,1042
394,1086
394,1227
394,1238
395,512
395,555
395,679
395,821
395,942
395,943
395,990
395,1043
396,769
396,805
396,899
396,1042
396,1086
396,1227
396,1238
397,444
397,506
397,507
397,742
397,1009
398,503
398,702
398,869
398,882
398,972
398,1084
399,420
399,508
399,585
399,648
399,830
399,874
399,886
399,890
399,971
399,993
399,994
399,1133
400,416
400,451
400,493
400,525
400,597
400,659
400,668
400,675
400,694
400,718
400,727
400,737
400,752
400,796
400,865
400,1036
400,1083
400,1115
400,1180
400,1181
401,422
401,548
401,745
401,974
401,1011
401,1044
401,1045
401,1094
401,1095
402,432
402,433
402,436
402,438
402,658
402,665
402,748
402,756
402,827
402,862
402,951
402,983
402,989
402,1014
402,1098
402,1155
402,1179
402,1255
403,537
403,664
403,729
403,730
403,780
403,784
403,858
403,988
403,1035
403,1130
403,1219
404,643
404,986
405,429
405,527
405,712
405,725
405,753
405,828
405,829
405,933
405,937
405,1003
405,1024
405,1141
406,435
406,486
406,487
406,553
406,580
406,674
406,676
406,677
406,717
406,726
406,751
406,757
406,777
406,782
406,798
406,846
406,908
406,932
406,940
406,1078
406,1099
407,409
407,410
407,492
407,498
407,523
407,578
407,657
407,818
407,819
407,906
407,907
407,968
407,970
407,1100
407,1131
407,1159
407,1160
407,1161
407,1243
408,415
408,570
408,596
408,982
408,1027
408,1068
409,410
409,492
409,498
409,523
409,578
409,657
409,818
409,819
409,906
409,907
409,968
409,970
409,1100
409,1131
409,1159
409,1160
409,1161
409,1243
410,492
410,498
410,523
410,578
410,657
410,818
410,819
410,906
410,907
410,968
410,970
410,1100
410,1131
410,1159
410,1160
410,1161
410,1243
411,412
411,428
411,736
411,851
411,912
411,1040
411,1041
411,1051
411,1055
411,1067
411,1076
411,1202
412,428
412,736
412,851
412,912
412,1040
412,1041
412,1051
412,1055
412,1067
412,1076
412,1202
413,768
413,801
413,1052
413,1229
414,521
414,696
414,783
414,786
414,816
414,866
414,938
414,946
414,947
414,1123
414,1150
414,1162
414,1168
414,1211
414,1217
414,1251
415,570
415,596
415,982
415,1027
415,1068
416,451
416,493
416,525
416,597
416,659
416,668
416,675
416,694
416,718
416,727
416,737
416,752
416,796
416,865
416,1036
416,1083
416,1115
416,1180
416,1181
417,452
417,476
417,495
417,497
417,540
417,579
417,588
417,589
417,610
417,627
417,711
417,716
417,728
417,774
417,860
417,963
417,987
417,1022
417,1023
417,1069
417,1144
419,479
419,501
419,502
419,526
419,781
419,999
419,1047
420,508
420,585
420,648
420,830
420,874
420,886
420,890
420,971
420,993
420,994
420,1133
421,620
421,751
421,1226
422,548
422,606
422,745
422,974
422,1011
422,1044
422,1045
422,1094
422,1095
423,581
423,833
423,871
423,891
423,944
423,1085
423,1135
423,1235
424,636
424,779
424,877
424,901
424,902
424,1187
424,1190
425,822
425,996
426,849
426,889
426,1066
426,1125
426,1126
427,490
427,822
428,736
428,851
428,912
428,1040
428,1041
428,1051
428,1055
428,1067
428,1202
429,491
429,599
429,712
429,725
429,753
429,776
429,828
429,829
429,925
429,933
429,937
429,1003
429,1024
429,1141
429,1152
429,1153
429,1241
430,471
430,472
430,562
430,565
430,624
430,706
430,714
430,813
430,887
430,1054
430,1220
431,720
431,721
431,792
431,794
431,959
431,1089
431,1092
432,433
432,436
432,438
432,658
432,665
432,748
432,756
432,827
432,862
432,951
432,983
432,989
432,1014
432,1098
432,1155
432,1179
432,1255
433,436
433,438
433,658
433,665
433,748
433,756
433,827
433,862
433,951
433,983
433,989
433,1014
433,1098
433,1155
433,1179
433,1255
434,469
434,474
434,475
434,477
434,522
434,531
434,568
434,577
434,652
434,856
434,857
434,922
434,924
434,931
434,939
434,1151
434,1177
434,1178
435,486
435,487
435,553
435,580
435,674
435,676
435,677
435,717
435,726
435,751
435,757
435,777
435,782
435,798
435,846
435,908
435,932
435,940
435,1078
435,1099
435,1240
435,1242
436,438
436,658
436,665
436,748
436,756
436,827
436,862
436,951
436,983
436,989
436,1014
436,1098
436,1155
436,1179
436,1255
437,598
437,699
437,700
437,923
438,658
438,665
438,748
438,756
438,827
438,862
438,951
438,983
438,989
438,1014
438,1098
438,1155
438,1179
438,1255
439,713
439,715
439,814
439,815
439,967
440,534
440,536
440,969
441,766
441,793
441,1050
441,1230
441,1259
442,708
442,1077
443,444
444,1248
445,446
445,833
447,689
448,1250
449,450
449,516
449,532
449,551
449,567
449,663
449,667
449,693
449,785
449,817
449,929
449,1114
449,1118
449,1139
449,1154
449,1176
450,516
450,532
450,551
450,567
450,663
450,667
450,693
450,785
450,817
450,929
450,1114
450,1118
450,1139
450,1154
450,1176
451,493
451,525
451,597
451,659
451,668
451,675
451,694
451,718
451,727
451,737
451,752
451,796
451,865
451,1036
451,1083
451,1115
451,1180
451,1181
452,476
452,495
452,497
452,540
452,579
452,588
452,589
452,610
452,627
452,711
452,716
452,728
452,774
452,860
452,963
452,987
452,1022
452,1023
452,1069
452,1144
453,850
453,1087
454,488
454,561
454,623
454,671
454,920
454,1053
454,1228
455,707
455,799
455,1072
456,459
456,460
456,461
456,462
457,840
459,460
459,461
459,462
460,461
460,462
461,462
463,465
463,499
463,927
463,934
463,1000
463,1018
464,480
464,575
464,660
464,910
464,1111
465,499
465,927
465,1000
465,1018
466,543
467,873
467,935
468,470
468,965
468,973
469,474
469,475
469,477
469,522
469,531
469,568
469,577
469,652
469,856
469,857
469,922
469,924
469,931
469,939
469,1151
469,1177
469,1178
470,935
471,472
471,562
471,565
471,624
471,706
471,714
471,813
471,887
471,1054
472,562
472,565
472,624
472,706
472,714
472,813
472,887
472,1054
473,535
473,566
473,722
473,754
473,998
473,1039
473,1057
473,1058
473,1143
474,475
474,477
474,522
474,531
474,568
474,577
474,652
474,856
474,857
474,922
474,924
474,931
474,939
474,1151
474,1177
474,1178
475,477
475,522
475,531
475,568
475,577
475,652
475,856
475,857
475,922
475,924
475,931
475,939
475,1151
475,1177
475,1178
476,495
476,497
476,540
476,579
476,588
476,589
476,610
476,627
476,711
476,716
476,728
476,774
476,860
476,963
476,987
476,1022
476,1023
476,1069
476,1144
477,522
477,531
477,568
477,577
477,652
477,856
477,857
477,922
477,924
477,931
477,939
477,1151
477,1177
477,1178
478,720
478,721
478,792
478,794
478,1089
478,1195
479,501
479,502
479,526
479,781
479,999
479,1047
480,575
480,660
480,781
480,910
480,1111
481,483
481,614
481,767
481,835
481,836
481,921
482,765
482,803
482,837
482,1061
483,614
483,767
483,835
483,836
483,921
484,893
484,984
484,1204
485,629
485,670
485,734
485,758
485,859
485,861
485,1167
485,1182
485,1183
485,1254
485,1256
486,487
486,553
486,580
486,674
486,676
486,677
486,717
486,726
486,751
486,757
486,777
486,782
486,798
486,846
486,908
486,932
486,940
486,1078
486,1099
486,1240
486,1242
487,553
487,580
487,674
487,676
487,677
487,717
487,726
487,751
487,757
487,777
487,782
487,798
487,846
487,908
487,932
487,940
487,1078
487,1099
487,1240
487,1242
488,561
488,623
488,671
488,920
488,1053
488,1228
489,1048
490,822
490,879
491,599
491,697
491,725
491,776
491,828
491,829
491,925
491,937
491,1024
491,1028
491,1152
491,1153
491,1241
492,498
492,523
492,578
492,657
492,666
492,818
492,819
492,906
492,907
492,1100
492,1131
492,1159
492,1160
492,1161
492,1220
492,1243
493,525
493,597
493,659
493,668
493,675
493,694
493,718
493,727
493,737
493,752
493,796
493,865
493,1036
493,1083
493,1115
493,1180
493,1181
494,496
494,644
494,775
494,928
494,1021
494,1070
494,1079
494,1101
494,1138
494,1214
494,1216
494,1222
494,1265
495,497
495,540
495,579
495,588
495,589
495,610
495,627
495,711
495,716
495,728
495,774
495,860
495,963
495,987
495,1022
495,1023
495,1069
495,1144
496,644
496,775
496,928
496,1021
496,1070
496,1079
496,1101
496,1138
496,1214
496,1216
496,1222
496,1234
496,1265
497,540
497,579
497,588
497,589
497,610
497,627
497,711
497,716
497,728
497,774
497,860
497,963
497,987
497,1022
497,1023
497,1069
497,1144
498,523
498,578
498,626
498,657
498,666
498,818
498,819
498,906
498,907
498,1100
498,1131
498,1159
498,1160
498,1161
498,1220
498,1243
499,927
499,1000
499,1018
500,926
500,1017
501,502
501,526
501,781
501,999
501,1047
502,526
502,781
502,999
502,1047
503,702
503,869
503,882
503,972
503,1084
504,1109
504,1110
505,1136
505,1197
506,507
506,742
506,1009
507,509
507,742
507,1009
508,585
508,648
508,830
508,874
508,886
508,890
508,971
508,993
508,994
508,1133
509,743
509,746
509,1197
510,640
510,744
510,868
510,945
510,976
511,617
511,682
511,787
511,806
511,844
511,903
511,1236
512,555
512,679
512,821
512,942
512,943
512,990
512,1043
513,520
513,628
513,643
513,655
513,686
513,878
513,1015
514,747
514,795
514,1175
515,719
515,1164
515,1231
516,532
516,551
516,567
516,663
516,667
516,693
516,785
516,817
516,929
516,1114
516,1118
516,1139
516,1154
516,1176
517,1049
518,683
518,848
518,1006
518,1074
519,879
520,643
520,655
520,686
520,878
520,1015
521,564
521,696
521,783
521,786
521,816
521,866
521,938
521,946
521,947
521,1123
521,1150
521,1162
521,1168
521,1211
521,1217
521,1251
522,531
522,568
522,577
522,652
522,856
522,857
522,922
522,924
522,931
522,939
522,1151
522,1177
522,1178
523,578
523,657
523,818
523,819
523,906
523,907
523,968
523,970
523,1100
523,1131
523,1159
523,1160
523,1161
523,1243
524,761
524,762
524,797
524,969
524,1129
524,1170
524,1171
524,1173
525,597
525,659
525,668
525,675
525,694
525,718
525,727
525,737
525,752
525,796
525,865
525,1036
525,1083
525,1115
525,1180
525,1181
526,781
526,999
526,1047
527,712
527,753
527,933
527,1003
527,1024
527,1141
528,615
528,913
529,880
529,949
529,1253
530,571
530,572
530,573
530,574
530,600
530,703
530,724
530,755
530,834
530,845
530,905
530,1004
530,1025
530,1071
530,1102
530,1116
530,1128
530,1158
530,1184
530,1185
530,1208
530,1209
530,1210
530,1213
531,568
531,577
531,652
531,856
531,857
531,922
531,924
531,931
531,939
531,1151
531,1177
531,1178
532,551
532,567
532,663
532,667
532,693
532,785
532,817
532,929
532,1114
532,1118
532,1139
532,1154
532,1176
533,630
533,723
533,864
533,950
533,1026
533,1080
533,1201
533,1215
534,536
534,563
534,622
534,1056
535,566
535,722
535,754
535,1039
535,1057
535,1058
535,1143
536,563
536,622
536,1056
537,664
537,729
537,730
537,780
537,784
537,858
537,988
537,1035
537,1130
537,1219
538,1048
539,593
539,964
540,579
540,588
540,589
540,610
540,627
540,711
540,716
540,728
540,774
540,860
540,963
540,987
540,1022
540,1023
540,1069
540,1144
541,564
541,764
541,825
541,1060
541,1062
542,544
544,673
545,549
545,556
545,680
545,804
545,847
545,870
546,1206
547,618
547,633
547,640
547,975
547,1107
548,745
548,974
548,1011
548,1044
548,1045
548,1094
548,1095
549,556
549,680
549,804
549,847
549,870
550,826
550,1200
550,1224
551,567
551,663
551,667
551,693
551,785
551,817
551,929
551,1114
551,1118
551,1139
551,1154
551,1176
552,650
552,802
552,894
552,1093
552,1097
553,717
553,726
553,751
553,757
553,782
553,798
553,846
553,908
553,932
553,940
553,1078
554,1192
555,679
555,821
555,942
555,943
555,990
555,1043
555,1094
556,680
556,804
556,847
556,870
556,1027
557,558
557,559
557,895
557,896
557,898
557,1029
557,1030
557,1170
557,1171
557,1173
557,1262
558,559
558,895
558,896
558,898
558,1029
558,1030
558,1170
558,1171
558,1173
558,1262
559,895
559,896
559,898
559,1029
559,1030
559,1170
559,1171
559,1173
559,1262
560,580
560,674
560,676
560,677
560,777
560,897
560,1099
560,1240
560,1242
561,623
561,671
561,920
561,1053
561,1228
562,565
562,624
562,706
562,714
562,813
562,887
562,1054
563,622
563,1056
563,1073
564,764
564,825
564,1060
564,1062
565,624
565,706
565,887
565,1054
566,722
566,754
566,998
566,1039
566,1057
566,1058
566,1143
567,663
567,667
567,693
567,785
567,817
567,929
567,1114
567,1118
567,1139
567,1154
567,1176
568,577
568,652
568,806
568,856
568,857
568,922
568,924
568,931
568,939
568,1014
568,1151
568,1177
568,1178
569,582
569,625
569,632
569,646
569,749
569,820
569,904
569,930
569,936
569,1104
569,1207
569,1212
570,596
570,982
570,1027
570,1068
571,572
571,573
571,574
571,600
571,703
571,724
571,755
571,834
571,845
571,905
571,1004
571,1025
571,1071
571,1102
571,1116
571,1128
571,1158
571,1184
571,1185
571,1208
571,1209
571,1210
571,1213
572,573
572,574
572,600
572,703
572,724
572,755
572,834
572,845
572,905
572,1004
572,1025
572,1071
572,1102
572,1116
572,1128
572,1158
572,1184
572,1185
572,1208
572,1209
572,1210
572,1213
573,574
573,600
573,703
573,724
573,755
573,834
573,845
573,905
573,1004
573,1025
573,1071
573,1102
573,1116
573,1128
573,1158
573,1184
573,1185
573,1208
573,1209
573,1210
573,1213
574,600
574,703
574,724
574,755
574,834
574,845
574,905
574,1004
574,1025
574,1071
574,1102
574,1116
574,1128
574,1158
574,1184
574,1185
574,1208
574,1209
574,1210
574,1213
575,660
575,910
575,1111
576,1192
576,1206
577,652
577,856
577,857
577,922
577,924
577,931
577,939
577,1151
577,1177
577,1178
578,626
578,657
578,666
578,818
578,819
578,906
578,907
578,1100
578,1131
578,1159
578,1160
578,1161
578,1220
578,1243
579,588
579,589
579,610
579,627
579,711
579,716
579,728
579,774
579,860
579,963
579,987
579,1022
579,1023
579,1069
579,1144
580,674
580,676
580,677
580,717
580,726
580,751
580,757
580,777
580,782
580,798
580,846
580,897
580,932
580,940
580,1078
580,1099
580,1240
580,1242
581,833
581,871
581,891
581,944
581,1085
581,1135
581,1235
582,625
582,632
582,646
582,749
582,820
582,904
582,930
582,936
582,988
582,1104
582,1207
582,1212
583,584
583,883
583,941
583,1149
584,883
584,941
584,1149
585,648
585,830
585,874
585,886
585,890
585,971
585,993
585,994
585,1133
586,594
586,669
586,695
586,759
586,1166
586,1174
587,653
587,656
587,760
587,863
587,1020
587,1113
587,1117
587,1140
587,1258
588,589
588,610
588,627
588,711
588,716
588,728
588,774
588,860
588,963
588,987
588,1022
588,1023
588,1069
588,1144
589,610
589,627
589,711
589,716
589,728
589,774
589,860
589,963
589,987
589,1022
589,1023
589,1069
589,1144
590,591
590,592
591,592
592,958
593,964
594,669
594,695
594,759
594,1166
594,1174
595,613
595,709
595,888
595,953
595,1013
595,1169
595,1232
596,950
596,982
596,1027
596,1068
597,659
597,668
597,675
597,694
597,718
597,727
597,737
597,752
597,796
597,865
597,1036
597,1083
597,1115
597,1180
597,1181
598,699
598,700
598,923
599,697
599,725
599,776
599,828
599,829
599,925
599,937
599,1028
599,1152
599,1153
599,1241
600,703
600,724
600,755
600,834
600,845
600,905
600,1004
600,1025
600,1071
600,1102
600,1116
600,1128
600,1158
600,1184
600,1185
600,1208
600,1209
600,1210
600,1213
601,735
601,763
602,684
604,841
604,1045
605,802
610,627
610,711
610,716
610,728
610,774
610,860
610,963
610,987
610,1022
610,1023
610,1069
610,1144
611,797
611,1012
611,1252
612,1017
612,1228
613,709
613,1013
613,1169
613,1232
614,767
614,835
614,836
614,921
614,1018
615,913
616,986
616,1037
616,1261
617,682
617,787
617,806
617,844
617,903
617,1236
618,633
618,640
618,975
618,1107
619,635
619,639
619,788
619,789
619,790
619,791
619,831
619,832
619,1007
619,1186
619,1189
620,1226
621,634
622,1056
622,1073
623,671
623,920
623,1053
623,1228
624,706
624,714
624,813
624,887
624,1054
625,632
625,646
625,749
625,820
625,904
625,930
625,936
625,1104
625,1207
625,1212
626,657
626,666
626,818
626,819
626,906
626,907
626,1100
626,1131
626,1220
627,711
627,716
627,728
627,774
627,860
627,963
627,987
627,1022
627,1023
627,1069
627,1144
628,684
628,742
628,1165
628,1172
629,670
629,734
629,758
629,859
629,861
629,1167
629,1182
629,1183
629,1254
629,1256
630,723
630,864
630,950
630,1026
630,1080
630,1201
630,1215
631,654
631,879
631,1081
632,646
632,749
632,820
632,904
632,930
632,936
632,1104
632,1207
632,1212
633,640
633,975
633,1107
635,639
635,788
635,789
635,790
635,791
635,831
635,832
635,1007
635,1186
635,1189
636,901
636,902
636,1187
636,1190
637,1109
637,1110
638,642
638,651
638,701
638,704
638,824
638,1008
638,1046
638,1106
638,1237
639,788
639,789
639,790
639,791
639,831
639,832
639,1007
640,975
640,1107
641,678
641,681
641,871
641,872
641,876
641,885
641,1198
642,651
642,701
642,704
642,824
642,1008
642,1046
642,1106
642,1237
643,655
643,686
643,878
643,1015
644,775
644,928
644,1021
644,1070
644,1079
644,1101
644,1138
644,1214
644,1216
644,1222
644,1234
645,826
645,966
645,1120
645,1121
645,1218
645,1257
646,749
646,820
646,904
646,930
646,936
646,1104
646,1207
646,1212
647,771
647,1096
647,1134
648,830
648,874
648,886
648,890
648,971
648,993
648,994
648,1133
649,773
649,1225
650,802
650,894
650,1093
650,1097
651,701
651,704
651,824
651,943
651,1008
651,1046
651,1106
651,1237
652,856
652,857
652,922
652,924
652,931
652,939
652,1151
652,1177
652,1178
653,760
653,863
653,1020
653,1113
653,1117
653,1140
653,1258
654,879
654,1081
655,686
655,878
655,1015
656,867
656,948
656,952
656,1103
656,1105
656,1122
656,1137
657,666
657,818
657,819
657,906
657,907
657,1100
657,1131
657,1220
658,665
658,748
658,756
658,827
658,862
658,951
658,983
658,989
658,1014
658,1098
658,1155
658,1179
658,1255
659,668
659,675
659,694
659,718
659,727
659,737
659,752
659,796
659,865
659,1036
659,1083
659,1115
659,1180
659,1181
660,910
660,1059
660,1111
661,909
661,911
662,740
663,667
663,693
663,785
663,817
663,929
663,1114
663,1118
663,1139
663,1154
663,1176
664,729
664,730
664,780
664,784
664,858
664,988
664,1035
664,1130
664,1219
665,748
665,756
665,827
665,862
665,951
665,983
665,989
665,1014
665,1098
665,1155
665,1179
665,1255
666,818
666,819
666,906
666,907
666,1100
666,1131
666,1220
667,693
667,785
667,817
667,929
667,1114
667,1118
667,1139
667,1154
667,1155
667,1176
668,675
668,694
668,718
668,727
668,737
668,752
668,796
668,865
668,1036
668,1071
668,1083
668,1115
668,1180
668,1181
669,695
669,759
669,890
669,1166
669,1174
670,734
670,758
670,859
670,861
670,1167
670,1182
670,1183
670,1254
670,1256
671,920
671,1053
671,1228
674,676
674,677
674,717
674,726
674,751
674,757
674,777
674,782
674,798
674,846
674,897
674,932
674,940
674,1078
674,1099
674,1240
674,1242
675,694
675,718
675,727
675,737
675,752
675,796
675,865
675,1036
675,1083
675,1115
675,1180
675,1181
676,677
676,717
676,726
676,751
676,757
676,777
676,782
676,798
676,846
676,897
676,932
676,940
676,1078
676,1099
676,1240
676,1242
677,717
677,726
677,751
677,757
677,777
677,782
677,798
677,846
677,897
677,932
677,940
677,1078
677,1099
677,1240
677,1242
678,681
678,872
678,876
678,885
678,1198
679,821
679,942
679,943
679,990
679,1043
680,804
680,847
680,870
681,872
681,876
681,885
681,1198
682,787
682,806
682,844
682,903
682,1236
682,1238
684,1165
684,1172
685,1119
685,1156
685,1157
685,1164
686,878
686,1015
686,1203
687,840
691,1108
692,807
692,808
692,809
692,810
692,811
692,812
693,785
693,817
693,929
693,1114
693,1118
693,1139
693,1154
693,1176
694,718
694,727
694,737
694,752
694,796
694,865
694,1036
694,1083
694,1115
694,1180
694,1181
695,759
695,1166
695,1174
696,783
696,786
696,816
696,866
696,938
696,946
696,947
696,1123
696,1150
696,1162
696,1168
696,1211
696,1217
696,1251
697,776
697,925
697,1028
697,1241
698,750
698,1233
699,700
699,1264
700,1264
701,704
701,824
701,1008
701,1046
701,1106
701,1237
702,869
702,882
702,972
702,1084
703,724
703,755
703,834
703,845
703,905
703,1004
703,1025
703,1071
703,1102
703,1116
703,1128
703,1158
703,1184
703,1185
703,1208
703,1209
703,1210
703,1213
704,824
704,1008
704,1046
704,1106
704,1237
705,778
705,1132
705,1239
706,714
706,813
706,1054
707,799
707,1072
709,991
709,1013
709,1169
709,1232
711,716
711,728
711,774
711,860
711,963
711,987
711,1022
711,1023
711,1069
711,1144
712,725
712,753
712,776
712,828
712,829
712,933
712,937
712,1003
712,1024
712,1141
712,1152
712,1153
713,715
713,814
713,815
713,1090
713,1091
714,813
715,814
715,815
715,1090
715,1091
716,728
716,774
716,860
716,963
716,987
716,1022
716,1023
716,1069
716,1144
717,726
717,751
717,757
717,777
717,782
717,798
717,846
717,908
717,932
717,940
717,1078
717,1099
717,1240
717,1242
718,727
718,737
718,752
718,796
718,865
718,1036
718,1083
718,1115
718,1180
718,1181
719,881
719,985
720,721
720,792
720,794
720,1089
720,1092
720,1195
721,792
721,794
721,1089
721,1092
721,1195
722,754
722,998
722,1039
722,1057
722,1058
722,1143
723,864
723,950
723,1026
723,1080
723,1201
723,1215
724,755
724,834
724,845
724,905
724,1004
724,1025
724,1071
724,1102
724,1116
724,1128
724,1158
724,1184
724,1185
724,1208
724,1209
724,1210
724,1213
725,753
725,776
725,828
725,829
725,925
725,933
725,937
725,1003
725,1024
725,1141
725,1152
725,1153
725,1241
726,751
726,757
726,777
726,782
726,798
726,846
726,932
726,940
726,1078
726,1099
726,1240
726,1242
727,737
727,752
727,796
727,865
727,1036
727,1083
727,1115
727,1180
727,1181
728,774
728,860
728,963
728,987
728,1022
728,1023
728,1069
728,1144
729,730
729,780
729,784
729,858
729,988
729,1035
729,1130
729,1219
730,780
730,784
730,858
730,988
730,1035
730,1130
730,1219
731,995
731,1142
731,1260
732,1127
733,997
734,758
734,859
734,861
734,1167
734,1182
734,1183
734,1254
734,1256
735,763
736,851
736,912
736,1040
736,1041
736,1051
736,1055
736,1067
736,1076
736,1202
737,752
737,796
737,865
737,1036
737,1083
737,1115
737,1180
737,1181
738,1112
739,1206
740,741
742,1009
743,746
744,868
744,945
744,976
745,974
745,1011
745,1044
745,1045
745,1094
745,1095
747,795
747,1175
748,756
748,827
748,862
748,951
748,983
748,989
748,1014
748,1072
748,1098
748,1155
748,1179
748,1255
749,820
749,904
749,930
749,936
749,1104
749,1207
749,1212
750,1233
751,757
751,777
751,782
751,798
751,846
751,932
751,940
751,1078
751,1099
751,1240
751,1242
752,796
752,865
752,1036
752,1083
752,1115
752,1180
752,1181
753,754
753,776
753,828
753,829
753,933
753,937
753,1003
753,1024
753,1141
753,1152
753,1153
754,1039
754,1057
754,1058
754,1143
755,834
755,845
755,905
755,1004
755,1025
755,1071
755,1102
755,1116
755,1128
755,1158
755,1184
755,1185
755,1208
755,1209
755,1210
755,1213
756,827
756,862
756,951
756,983
756,989
756,1014
756,1098
756,1155
756,1179
756,1255
757,777
757,782
757,798
757,846
757,908
757,932
757,940
757,1078
757,1099
757,1240
757,1242
758,859
758,861
758,1167
758,1182
758,1183
758,1254
758,1256
759,1166
759,1174
760,863
760,1020
760,1113
760,1117
760,1140
760,1258
761,762
761,797
761,969
761,1129
761,1170
761,1171
761,1173
762,797
762,969
762,1129
762,1170
762,1171
762,1173
763,1052
764,825
764,1060
764,1062
765,803
765,837
765,1061
766,793
766,1050
766,1230
766,1259
767,835
767,836
767,921
768,801
768,1052
768,1229
769,805
769,899
769,1042
769,1086
769,1227
769,1238
770,991
770,1136
771,848
771,1096
771,1134
772,964
773,875
773,1225
774,860
774,963
774,987
774,1022
774,1023
774,1069
774,1144
775,928
775,1021
775,1070
775,1079
775,1101
775,1138
775,1214
775,1216
775,1222
775,1234
775,1265
776,828
776,829
776,925
776,933
776,937
776,1024
776,1152
776,1153
776,1241
777,782
777,798
777,846
777,897
777,932
777,940
777,1078
777,1099
777,1240
777,1242
778,1132
778,1239
779,877
779,901
779,902
779,1214
780,784
780,858
780,988
780,1035
780,1130
780,1219
781,999
781,1047
782,798
782,846
782,908
782,932
782,940
782,1078
782,1099
782,1240
782,1242
783,786
783,816
783,866
783,938
783,946
783,947
783,1123
783,1150
783,1162
783,1168
783,1211
783,1217
783,1251
784,858
784,894
784,988
784,1035
784,1130
784,1219
785,817
785,929
785,1114
785,1118
785,1139
785,1154
785,1176
786,816
786,866
786,938
786,946
786,947
786,1123
786,1150
786,1162
786,1168
786,1211
786,1217
786,1251
787,806
787,844
787,903
787,1236
788,789
788,790
788,791
788,831
788,832
788,1007
788,1186
788,1189
789,790
789,791
789,831
789,832
789,1007
789,1186
789,1189
790,791
790,831
790,832
790,1007
790,1186
790,1189
791,831
791,832
791,1007
791,1186
791,1189
792,794
792,1089
792,1092
792,1195
793,1050
793,1230
793,1259
794,1089
794,1092
794,1195
795,875
795,1175
796,865
796,1036
796,1083
796,1115
796,1180
796,1181
797,969
797,1012
797,1129
797,1252
798,846
798,932
798,940
798,1078
798,1099
798,1240
798,1242
799,1072
801,1052
801,1088
801,1229
802,894
802,1093
802,1097
803,837
803,1061
804,847
804,870
805,899
805,1042
805,1086
805,1227
805,1238
806,844
806,903
806,1236
807,808
807,809
807,810
807,811
807,812
808,809
808,810
808,811
808,812
809,810
809,811
809,812
810,811
810,812
811,812
814,815
814,1090
814,1091
815,1090
815,1091
816,866
816,938
816,946
816,947
816,1123
816,1150
816,1162
816,1168
816,1211
816,1217
816,1251
817,929
817,1114
817,1118
817,1139
817,1154
817,1176
818,819
818,906
818,907
818,1100
818,1131
818,1159
818,1160
818,1161
818,1220
818,1243
819,906
819,907
819,1100
819,1131
819,1159
819,1160
819,1161
819,1220
819,1243
820,904
820,930
820,936
820,1104
820,1207
820,1212
821,942
821,943
821,990
821,1043
821,1167
823,997
824,1008
824,1046
824,1106
824,1237
825,1060
825,1062
826,966
826,1120
826,1121
826,1218
826,1257
827,862
827,951
827,983
827,989
827,1014
827,1098
827,1155
827,1179
827,1255
828,829
828,925
828,933
828,937
828,1003
828,1024
828,1141
828,1152
828,1153
828,1241
829,925
829,933
829,937
829,1003
829,1024
829,1141
829,1152
829,1153
829,1241
830,874
830,886
830,890
830,971
830,993
830,994
830,1133
831,832
831,1007
831,1186
831,1189
832,1007
832,1186
832,1189
833,871
833,891
833,944
833,1085
833,1135
833,1235
834,845
834,905
834,1004
834,1025
834,1071
834,1102
834,1116
834,1128
834,1158
834,1184
834,1185
834,1208
834,1209
834,1210
834,1213
834,1239
835,836
835,921
835,1036
836,921
837,1061
838,842
839,1108
840,1245
840,1247
844,903
844,1236
845,905
845,1004
845,1025
845,1071
845,1102
845,1116
845,1128
845,1158
845,1184
845,1185
845,1208
845,1209
845,1210
845,1213
846,908
846,932
846,940
846,1078
846,1099
847,870
849,889
849,1066
849,1125
849,1126
850,1087
851,912
851,963
851,1040
851,1041
851,1051
851,1055
851,1067
851,1076
851,1202
852,853
852,854
852,855
852,915
852,917
852,918
852,955
852,956
852,957
853,854
853,855
853,915
853,917
853,918
853,955
853,956
853,957
854,855
854,915
854,917
854,918
854,955
854,956
854,957
855,915
855,917
855,918
855,955
855,956
855,957
856,857
856,922
856,924
856,931
856,939
856,1151
856,1177
856,1178
857,922
857,924
857,931
857,939
857,1151
857,1177
857,1178
858,988
858,1035
858,1130
858,1219
859,861
859,1167
859,1182
859,1183
859,1254
859,1256
860,963
860,987
860,1022
860,1023
860,1069
860,1144
861,1167
861,1182
861,1183
861,1254
861,1256
862,951
862,983
862,989
862,1014
862,1098
862,1155
862,1179
862,1255
863,1020
863,1113
863,1117
863,1140
863,1258
864,950
864,1026
864,1080
864,1201
864,1215
865,1036
865,1083
865,1115
865,1180
865,1181
866,938
866,946
866,947
866,1123
866,1150
866,1162
866,1168
866,1211
866,1217
866,1251
867,948
867,952
867,1103
867,1105
867,1122
867,1137
868,945
868,976
869,882
869,972
869,1084
871,891
871,944
871,1085
871,1135
871,1235
872,876
872,885
872,1198
873,1033
874,886
874,890
874,971
874,993
874,994
874,1133
874,1224
875,992
876,885
876,1198
877,901
877,902
878,1015
879,1081
880,949
880,1253
881,985
881,1204
882,929
882,972
882,1084
883,941
883,1149
885,1198
886,890
886,971
886,993
886,994
886,1133
887,1054
888,919
888,1038
889,1066
889,1125
889,1126
890,971
890,993
890,994
890,1133
891,944
891,1085
891,1135
891,1235
892,893
894,1093
894,1097
895,896
895,898
895,1029
895,1030
895,1170
895,1171
895,1173
895,1262
896,898
896,954
896,1029
896,1030
896,1170
896,1171
896,1173
896,1262
897,1099
897,1240
897,1242
898,1029
898,1030
898,1170
898,1171
898,1173
898,1262
899,1042
899,1086
899,1227
899,1238
900,978
900,1082
900,1196
901,902
901,1187
901,1190
902,1187
902,1190
903,1236
904,930
904,936
904,1104
904,1207
904,1212
905,1004
905,1025
905,1071
905,1102
905,1116
905,1128
905,1158
905,1184
905,1185
905,1208
905,1209
905,1210
905,1213
906,907
906,1100
906,1131
906,1159
906,1160
906,1161
906,1220
906,1243
907,1100
907,1131
907,1159
907,1160
907,1161
907,1220
907,1243
908,932
908,1078
910,1111
911,1001
911,1019
912,1040
912,1041
912,1051
912,1055
912,1067
912,1076
912,1202
915,917
915,918
915,955
915,956
915,957
916,1263
917,918
917,955
917,956
917,957
918,955
918,956
918,957
919,1038
920,1053
920,1228
922,924
922,931
922,939
922,1151
922,1177
922,1178
924,931
924,939
924,1151
924,1177
924,1178
925,937
925,1028
925,1152
925,1153
925,1241
927,1000
927,1018
928,1021
928,1070
928,1079
928,1101
928,1138
928,1214
928,1216
928,1222
928,1234
929,1114
929,1118
929,1139
929,1154
929,1176
930,936
930,1104
930,1207
930,1212
931,939
931,1151
931,1177
931,1178
932,940
932,1078
932,1099
933,937
933,1003
933,1024
933,1141
933,1152
933,1153
936,1104
936,1207
936,1212
937,1003
937,1024
937,1141
937,1152
937,1153
937,1241
938,946
938,947
938,1123
938,1150
938,1162
938,1168
938,1211
938,1217
938,1251
939,1151
939,1177
939,1178
940,1078
940,1099
940,1240
940,1242
941,1149
941,1251
942,943
942,990
942,1043
943,990
943,1043
944,1085
944,1135
944,1235
945,976
946,947
946,1123
946,1150
946,1162
946,1168
946,1211
946,1217
946,1251
947,1123
947,1150
947,1162
947,1168
947,1211
947,1217
947,1251
948,952
948,1103
948,1105
948,1122
948,1137
949,1253
950,1026
950,1080
950,1201
950,1215
951,983
951,989
951,1014
951,1098
951,1155
951,1179
951,1255
952,1103
952,1105
952,1122
952,1137
953,1163
955,956
955,957
956,957
958,960
958,1075
958,1077
959,1092
960,1075
960,1077
961,962
961,1205
962,1205
963,987
963,1022
963,1023
963,1069
963,1144
965,1199
966,1120
966,1121
966,1218
966,1257
968,970
968,1031
968,1159
968,1160
968,1161
968,1243
968,1263
969,1129
969,1170
969,1171
969,1173
970,1031
970,1159
970,1160
970,1161
970,1243
970,1263
971,993
971,994
971,1133
972,1084
973,1191
974,1011
974,1044
974,1045
974,1094
974,1095
975,1107
977,981
977,1145
977,1146
977,1147
979,980
980,1188
981,1145
981,1146
981,1147
982,1027
982,1068
983,989
983,1014
983,1098
983,1155
983,1179
983,1255
984,1204
986,1037
986,1261
987,1022
987,1023
987,1069
987,1144
988,1035
988,1130
988,1219
989,1014
989,1098
989,1155
989,1179
989,1255
990,1043
993,994
993,1133
994,1133
995,1260
997,1016
998,1039
998,1057
998,1058
998,1143
999,1047
1000,1018
1001,1019
1003,1024
1003,1141
1003,1152
1003,1153
1004,1025
1004,1071
1004,1102
1004,1116
1004,1128
1004,1158
1004,1184
1004,1185
1004,1208
1004,1209
1004,1210
1004,1213
1005,1191
1006,1119
1008,1046
1008,1106
1008,1237
1010,1199
1011,1044
1011,1045
1011,1094
1011,1095
1012,1252
1013,1169
1013,1232
1014,1098
1014,1155
1014,1179
1014,1255
1020,1113
1020,1117
1020,1140
1020,1258
1021,1070
1021,1079
1021,1101
1021,1138
1021,1214
1021,1216
1021,1222
1021,1234
1022,1023
1022,1069
1022,1144
1023,1069
1023,1144
1024,1141
1024,1152
1024,1153
1025,1071
1025,1102
1025,1116
1025,1128
1025,1158
1025,1184
1025,1185
1025,1208
1025,1209
1025,1210
1025,1213
1026,1080
1026,1201
1026,1215
1027,1068
1027,1104
1027,1135
1028,1241
1029,1030
1029,1170
1029,1171
1029,1173
1029,1262
1030,1170
1030,1171
1030,1173
1030,1262
1031,1159
1031,1160
1031,1161
1031,1243
1031,1263
1032,1033
1032,1034
1033,1034
1035,1130
1035,1219
1036,1083
1036,1115
1036,1180
1036,1181
1037,1261
1039,1057
1039,1058
1039,1143
1040,1041
1040,1051
1040,1055
1040,1067
1040,1076
1040,1202
1041,1051
1041,1055
1041,1067
1041,1076
1041,1202
1042,1086
1042,1227
1042,1238
1044,1045
1044,1094
1044,1095
1045,1094
1045,1095
1046,1106
1046,1237
1048,1091
1050,1230
1050,1259
1051,1055
1051,1067
1051,1076
1051,1202
1052,1229
1053,1228
1055,1067
1055,1076
1055,1202
1056,1073
1057,1058
1057,1143
1058,1143
1060,1062
1061,1206
1063,1127
1064,1065
1064,1088
1064,1193
1065,1088
1066,1125
1066,1126
1067,1076
1067,1202
1069,1144
1070,1079
1070,1101
1070,1138
1070,1214
1070,1216
1070,1222
1070,1234
1071,1102
1071,1116
1071,1128
1071,1158
1071,1184
1071,1185
1071,1208
1071,1209
1071,1210
1071,1213
1075,1077
1076,1202
1078,1099
1079,1101
1079,1138
1079,1214
1079,1216
1079,1222
1079,1234
1080,1201
1080,1215
1082,1196
1083,1115
1083,1180
1083,1181
1085,1135
1085,1235
1086,1227
1086,1238
1089,1195
1090,1091
1093,1097
1094,1095
1096,1134
1096,1223
1098,1155
1098,1179
1098,1255
1099,1240
1099,1242
1100,1131
1100,1159
1100,1160
1100,1161
1100,1220
1100,1243
1101,1138
1101,1214
1101,1216
1101,1222
1101,1234
1101,1265
1102,1116
1102,1128
1102,1158
1102,1184
1102,1185
1102,1208
1102,1209
1102,1210
1102,1213
1103,1105
1103,1122
1103,1137
1104,1207
1104,1212
1105,1122
1105,1137
1106,1237
1109,1110
1113,1117
1113,1140
1113,1258
1114,1118
1114,1139
1114,1154
1114,1176
1115,1180
1115,1181
1116,1128
1116,1158
1116,1184
1116,1185
1116,1208
1116,1209
1116,1210
1116,1213
1117,1140
1117,1258
1118,1139
1118,1154
1118,1176
1119,1156
1119,1157
1120,1121
1120,1218
1120,1257
1121,1218
1121,1257
1122,1137
1123,1150
1123,1162
1123,1168
1123,1211
1123,1217
1123,1251
1124,1221
1125,1126
1128,1158
1128,1184
1128,1185
1128,1208
1128,1209
1128,1210
1128,1213
1129,1170
1129,1171
1129,1173
1130,1219
1131,1159
1131,1160
1131,1161
1131,1220
1131,1243
1132,1239
1135,1235
1136,1197
1138,1214
1138,1216
1138,1222
1138,1234
1139,1154
1139,1176
1140,1258
1145,1146
1145,1147
1146,1147
1150,1162
1150,1168
1150,1211
1150,1217
1150,1251
1151,1177
1151,1178
1152,1153
1152,1241
1153,1241
1154,1176
1155,1179
1155,1255
1156,1157
1158,1184
1158,1185
1158,1208
1158,1209
1158,1210
1158,1213
1159,1160
1159,1161
1159,1243
1159,1263
1160,1161
1160,1243
1160,1263
1161,1243
1161,1263
1162,1168
1162,1211
1162,1217
1162,1251
1164,1231
1165,1172
1166,1174
1167,1182
1167,1183
1167,1254
1167,1256
1168,1211
1168,1217
1168,1251
1169,1232
1170,1171
1170,1173
1170,1262
1171,1173
1171,1262
1173,1262
1177,1178
1179,1255
1180,1181
1182,1183
1182,1254
1182,1256
1183,1254
1183,1256
1184,1185
1184,1208
1184,1209
1184,1210
1184,1213
1185,1208
1185,1209
1185,1210
1185,1213
1186,1189
1187,1190
1193,1194
1200,1224
1201,1215
1207,1212
1208,1209
1208,1210
1208,1213
1209,1210
1209,1213
1210,1213
1211,1217
1211,1251
1214,1216
1214,1222
1214,1234
1216,1222
1216,1234
1217,1251
1218,1257
1222,1234
1227,1238
1230,1259
1240,1242
1243,1263
1246,1249
1254,1256
